[[1;34mINFO[m] Scanning for projects...
[[1;34mINFO[m] 
[[1;34mINFO[m] [1m-----------------------< [0;36mcom.ailytics:ailytics[0;1m >------------------------[m
[[1;34mINFO[m] [1mBuilding ailytics 0.0.1-SNAPSHOT[m
[[1;34mINFO[m] [1m--------------------------------[ jar ]---------------------------------[m
[[1;34mINFO[m] 
[[1;34mINFO[m] [1m>>> [0;32mspring-boot-maven-plugin:3.4.2:run[m [1m(default-cli)[0;1m > [0;1mtest-compile[m @ [36mailytics[0;1m >>>[m
[[1;34mINFO[m] 
[[1;34mINFO[m] [1m--- [0;32mmaven-resources-plugin:3.3.1:resources[m [1m(default-resources)[m @ [36mailytics[0;1m ---[m
[[1;34mINFO[m] Copying 1 resource from src/main/resources to target/classes
[[1;34mINFO[m] Copying 2 resources from src/main/resources to target/classes
[[1;34mINFO[m] 
[[1;34mINFO[m] [1m--- [0;32mmaven-compiler-plugin:3.13.0:compile[m [1m(default-compile)[m @ [36mailytics[0;1m ---[m
[[1;34mINFO[m] Nothing to compile - all classes are up to date.
[[1;34mINFO[m] 
[[1;34mINFO[m] [1m--- [0;32mmaven-resources-plugin:3.3.1:testResources[m [1m(default-testResources)[m @ [36mailytics[0;1m ---[m
[[1;34mINFO[m] skip non existing resourceDirectory /root/.openclaw/workspace/AiLytics/src/test/resources
[[1;34mINFO[m] 
[[1;34mINFO[m] [1m--- [0;32mmaven-compiler-plugin:3.13.0:testCompile[m [1m(default-testCompile)[m @ [36mailytics[0;1m ---[m
[[1;34mINFO[m] Nothing to compile - all classes are up to date.
[[1;34mINFO[m] 
[[1;34mINFO[m] [1m<<< [0;32mspring-boot-maven-plugin:3.4.2:run[m [1m(default-cli)[0;1m < [0;1mtest-compile[m @ [36mailytics[0;1m <<<[m
[[1;34mINFO[m] 
[[1;34mINFO[m] 
[[1;34mINFO[m] [1m--- [0;32mspring-boot-maven-plugin:3.4.2:run[m [1m(default-cli)[m @ [36mailytics[0;1m ---[m
[[1;34mINFO[m] Attaching agents: []

  .   ____          _            __ _ _
 /\\ / ___'_ __ _ _(_)_ __  __ _ \ \ \ \
( ( )\___ | '_ | '_| | '_ \/ _` | \ \ \ \
 \\/  ___)| |_)| | | | | || (_| |  ) ) ) )
  '  |____| .__|_| |_|_| |_\__, | / / / /
 =========|_|==============|___/=/_/_/_/

 :: Spring Boot ::                (v3.4.2)

2026-02-12T18:27:57.213Z  INFO 172841 --- [ailytics] [           main] c.ailytics.ailytics.AilyticsApplication  : Starting AilyticsApplication using Java 21.0.10 with PID 172841 (/root/.openclaw/workspace/AiLytics/target/classes started by root in /root/.openclaw/workspace/AiLytics)
2026-02-12T18:27:57.217Z  INFO 172841 --- [ailytics] [           main] c.ailytics.ailytics.AilyticsApplication  : No active profile set, falling back to 1 default profile: "default"
2026-02-12T18:27:57.910Z  INFO 172841 --- [ailytics] [           main] .s.d.r.c.RepositoryConfigurationDelegate : Bootstrapping Spring Data JPA repositories in DEFAULT mode.
2026-02-12T18:27:58.034Z  INFO 172841 --- [ailytics] [           main] .s.d.r.c.RepositoryConfigurationDelegate : Finished Spring Data repository scanning in 117 ms. Found 3 JPA repository interfaces.
2026-02-12T18:27:58.393Z  INFO 172841 --- [ailytics] [           main] o.s.b.w.embedded.tomcat.TomcatWebServer  : Tomcat initialized with port 8081 (http)
2026-02-12T18:27:58.401Z  INFO 172841 --- [ailytics] [           main] o.apache.catalina.core.StandardService   : Starting service [Tomcat]
2026-02-12T18:27:58.401Z  INFO 172841 --- [ailytics] [           main] o.apache.catalina.core.StandardEngine    : Starting Servlet engine: [Apache Tomcat/10.1.34]
2026-02-12T18:27:58.427Z  INFO 172841 --- [ailytics] [           main] o.a.c.c.C.[Tomcat].[localhost].[/]       : Initializing Spring embedded WebApplicationContext
2026-02-12T18:27:58.428Z  INFO 172841 --- [ailytics] [           main] w.s.c.ServletWebServerApplicationContext : Root WebApplicationContext: initialization completed in 1165 ms
2026-02-12T18:27:58.499Z  INFO 172841 --- [ailytics] [           main] o.hibernate.jpa.internal.util.LogHelper  : HHH000204: Processing PersistenceUnitInfo [name: default]
2026-02-12T18:27:58.534Z  INFO 172841 --- [ailytics] [           main] org.hibernate.Version                    : HHH000412: Hibernate ORM core version 6.6.5.Final
2026-02-12T18:27:58.549Z  INFO 172841 --- [ailytics] [           main] o.h.c.internal.RegionFactoryInitiator    : HHH000026: Second-level cache disabled
2026-02-12T18:27:58.600Z  INFO 172841 --- [ailytics] [           main] com.zaxxer.hikari.HikariDataSource       : HikariPool-1 - Starting...
2026-02-12T18:27:58.714Z  INFO 172841 --- [ailytics] [           main] com.zaxxer.hikari.pool.HikariPool        : HikariPool-1 - Added connection conn0: url=jdbc:h2:mem:ailytics user=SA
2026-02-12T18:27:58.716Z  INFO 172841 --- [ailytics] [           main] com.zaxxer.hikari.HikariDataSource       : HikariPool-1 - Start completed.
2026-02-12T18:27:58.728Z  WARN 172841 --- [ailytics] [           main] org.hibernate.dialect.Dialect            : HHH000511: The 2.3.232 version for [org.hibernate.dialect.PostgreSQLDialect] is no longer supported, hence certain features may not work properly. The minimum supported version is 12.0.0. Check the community dialects project for available legacy versions.
2026-02-12T18:27:58.731Z  WARN 172841 --- [ailytics] [           main] org.hibernate.orm.deprecation            : HHH90000025: PostgreSQLDialect does not need to be specified explicitly using 'hibernate.dialect' (remove the property setting and it will be selected by default)
2026-02-12T18:27:58.741Z  INFO 172841 --- [ailytics] [           main] org.hibernate.orm.connections.pooling    : HHH10001005: Database info:
	Database JDBC URL [Connecting through datasource 'HikariDataSource (HikariPool-1)']
	Database driver: undefined/unknown
	Database version: 2.3.232
	Autocommit mode: undefined/unknown
	Isolation level: undefined/unknown
	Minimum pool size: undefined/unknown
	Maximum pool size: undefined/unknown
2026-02-12T18:27:58.873Z  INFO 172841 --- [ailytics] [           main] o.s.o.j.p.SpringPersistenceUnitInfo      : No LoadTimeWeaver setup: ignoring JPA class transformer
2026-02-12T18:27:59.311Z  INFO 172841 --- [ailytics] [           main] o.h.e.t.j.p.i.JtaPlatformInitiator       : HHH000489: No JTA platform available (set 'hibernate.transaction.jta.platform' to enable JTA platform integration)
Hibernate: create table action_config (action_name varchar(255) not null, extraction_schema varchar(4000), login_submit_selector varchar(255), login_url varchar(255), password_selector varchar(255), steps jsonb, username_selector varchar(255), primary key (action_name))
Hibernate: create table app_user (id bigint generated by default as identity, password varchar(255), role varchar(255) check (role in ('MASTER','STAFF')), username varchar(255), primary key (id))
Hibernate: create table processing_queue (job_id varchar(255) not null, action_name varchar(255), confidence_score float(53), content_type varchar(255), context_data jsonb, created_at timestamp(6), error_message varchar(255), extracted_data jsonb, file_path varchar(255), needs_approval boolean not null, password varchar(255), result_id varchar(255), status varchar(255) check (status in ('PENDING','PROCESSING','AWAITING_APPROVAL','COMPLETED','FAILED')), updated_at timestamp(6), username varchar(255), primary key (job_id))
Hibernate: alter table if exists app_user drop constraint if exists UK3k4cplvh82srueuttfkwnylq0
Hibernate: alter table if exists app_user add constraint UK3k4cplvh82srueuttfkwnylq0 unique (username)
2026-02-12T18:27:59.353Z  INFO 172841 --- [ailytics] [           main] j.LocalContainerEntityManagerFactoryBean : Initialized JPA EntityManagerFactory for persistence unit 'default'
Hibernate: select count(*) from action_config ac1_0
Hibernate: select ac1_0.action_name,ac1_0.extraction_schema,ac1_0.login_submit_selector,ac1_0.login_url,ac1_0.password_selector,ac1_0.steps,ac1_0.username_selector from action_config ac1_0 where ac1_0.action_name=?
Hibernate: insert into action_config (extraction_schema,login_submit_selector,login_url,password_selector,steps,username_selector,action_name) values (?,?,?,?,cast(? as jsonb),?,?)
Hibernate: select ac1_0.action_name,ac1_0.extraction_schema,ac1_0.login_submit_selector,ac1_0.login_url,ac1_0.password_selector,ac1_0.steps,ac1_0.username_selector from action_config ac1_0 where ac1_0.action_name=?
Hibernate: insert into action_config (extraction_schema,login_submit_selector,login_url,password_selector,steps,username_selector,action_name) values (?,?,?,?,cast(? as jsonb),?,?)
Hibernate: select ac1_0.action_name,ac1_0.extraction_schema,ac1_0.login_submit_selector,ac1_0.login_url,ac1_0.password_selector,ac1_0.steps,ac1_0.username_selector from action_config ac1_0 where ac1_0.action_name=?
Hibernate: insert into action_config (extraction_schema,login_submit_selector,login_url,password_selector,steps,username_selector,action_name) values (?,?,?,?,cast(? as jsonb),?,?)
Hibernate: select ac1_0.action_name,ac1_0.extraction_schema,ac1_0.login_submit_selector,ac1_0.login_url,ac1_0.password_selector,ac1_0.steps,ac1_0.username_selector from action_config ac1_0 where ac1_0.action_name=?
Hibernate: insert into action_config (extraction_schema,login_submit_selector,login_url,password_selector,steps,username_selector,action_name) values (?,?,?,?,cast(? as jsonb),?,?)
2026-02-12T18:27:59.996Z  INFO 172841 --- [ailytics] [           main] c.a.ailytics.service.FileStorageService  : Initialized local storage in: uploads
2026-02-12T18:28:00.088Z  WARN 172841 --- [ailytics] [           main] JpaBaseConfiguration$JpaWebConfiguration : spring.jpa.open-in-view is enabled by default. Therefore, database queries may be performed during view rendering. Explicitly configure spring.jpa.open-in-view to disable this warning
2026-02-12T18:28:00.100Z  INFO 172841 --- [ailytics] [           main] eAuthenticationProviderManagerConfigurer : Global AuthenticationManager configured with AuthenticationProvider bean with name authenticationProvider
2026-02-12T18:28:00.100Z  WARN 172841 --- [ailytics] [           main] r$InitializeUserDetailsManagerConfigurer : Global AuthenticationManager configured with an AuthenticationProvider bean. UserDetailsService beans will not be used by Spring Security for automatically configuring username/password login. Consider removing the AuthenticationProvider bean. Alternatively, consider using the UserDetailsService in a manually instantiated DaoAuthenticationProvider. If the current configuration is intentional, to turn off this warning, increase the logging level of 'org.springframework.security.config.annotation.authentication.configuration.InitializeUserDetailsBeanManagerConfigurer' to ERROR
2026-02-12T18:28:00.156Z  INFO 172841 --- [ailytics] [           main] o.s.b.a.w.s.WelcomePageHandlerMapping    : Adding welcome page: class path resource [static/index.html]
2026-02-12T18:28:00.342Z  INFO 172841 --- [ailytics] [           main] o.s.v.b.OptionalValidatorFactoryBean     : Failed to set up a Bean Validation provider: jakarta.validation.NoProviderFoundException: Unable to create a Configuration, because no Jakarta Bean Validation provider could be found. Add a provider like Hibernate Validator (RI) to your classpath.
2026-02-12T18:28:00.523Z  INFO 172841 --- [ailytics] [           main] o.s.b.a.h2.H2ConsoleAutoConfiguration    : H2 console available at '/h2-console'. Database available at 'jdbc:h2:mem:ailytics'
2026-02-12T18:28:00.568Z  INFO 172841 --- [ailytics] [           main] o.s.b.w.embedded.tomcat.TomcatWebServer  : Tomcat started on port 8081 (http) with context path '/'
2026-02-12T18:28:00.579Z  INFO 172841 --- [ailytics] [           main] c.ailytics.ailytics.AilyticsApplication  : Started AilyticsApplication in 3.667 seconds (process running for 3.932)
Hibernate: select pq1_0.job_id,pq1_0.action_name,pq1_0.confidence_score,pq1_0.content_type,pq1_0.context_data,pq1_0.created_at,pq1_0.error_message,pq1_0.extracted_data,pq1_0.file_path,pq1_0.needs_approval,pq1_0.password,pq1_0.result_id,pq1_0.status,pq1_0.updated_at,pq1_0.username from processing_queue pq1_0 where pq1_0.status=? order by pq1_0.created_at
Hibernate: select pq1_0.job_id,pq1_0.action_name,pq1_0.confidence_score,pq1_0.content_type,pq1_0.context_data,pq1_0.created_at,pq1_0.error_message,pq1_0.extracted_data,pq1_0.file_path,pq1_0.needs_approval,pq1_0.password,pq1_0.result_id,pq1_0.status,pq1_0.updated_at,pq1_0.username from processing_queue pq1_0 where pq1_0.status=? order by pq1_0.created_at
Hibernate: select pq1_0.job_id,pq1_0.action_name,pq1_0.confidence_score,pq1_0.content_type,pq1_0.context_data,pq1_0.created_at,pq1_0.error_message,pq1_0.extracted_data,pq1_0.file_path,pq1_0.needs_approval,pq1_0.password,pq1_0.result_id,pq1_0.status,pq1_0.updated_at,pq1_0.username from processing_queue pq1_0 where pq1_0.status=? order by pq1_0.created_at
Hibernate: select pq1_0.job_id,pq1_0.action_name,pq1_0.confidence_score,pq1_0.content_type,pq1_0.context_data,pq1_0.created_at,pq1_0.error_message,pq1_0.extracted_data,pq1_0.file_path,pq1_0.needs_approval,pq1_0.password,pq1_0.result_id,pq1_0.status,pq1_0.updated_at,pq1_0.username from processing_queue pq1_0 where pq1_0.status=? order by pq1_0.created_at
Hibernate: select pq1_0.job_id,pq1_0.action_name,pq1_0.confidence_score,pq1_0.content_type,pq1_0.context_data,pq1_0.created_at,pq1_0.error_message,pq1_0.extracted_data,pq1_0.file_path,pq1_0.needs_approval,pq1_0.password,pq1_0.result_id,pq1_0.status,pq1_0.updated_at,pq1_0.username from processing_queue pq1_0 where pq1_0.status=? order by pq1_0.created_at
Hibernate: select pq1_0.job_id,pq1_0.action_name,pq1_0.confidence_score,pq1_0.content_type,pq1_0.context_data,pq1_0.created_at,pq1_0.error_message,pq1_0.extracted_data,pq1_0.file_path,pq1_0.needs_approval,pq1_0.password,pq1_0.result_id,pq1_0.status,pq1_0.updated_at,pq1_0.username from processing_queue pq1_0 where pq1_0.status=? order by pq1_0.created_at
Hibernate: select pq1_0.job_id,pq1_0.action_name,pq1_0.confidence_score,pq1_0.content_type,pq1_0.context_data,pq1_0.created_at,pq1_0.error_message,pq1_0.extracted_data,pq1_0.file_path,pq1_0.needs_approval,pq1_0.password,pq1_0.result_id,pq1_0.status,pq1_0.updated_at,pq1_0.username from processing_queue pq1_0 where pq1_0.status=? order by pq1_0.created_at
Hibernate: select pq1_0.job_id,pq1_0.action_name,pq1_0.confidence_score,pq1_0.content_type,pq1_0.context_data,pq1_0.created_at,pq1_0.error_message,pq1_0.extracted_data,pq1_0.file_path,pq1_0.needs_approval,pq1_0.password,pq1_0.result_id,pq1_0.status,pq1_0.updated_at,pq1_0.username from processing_queue pq1_0 where pq1_0.status=? order by pq1_0.created_at
Hibernate: select pq1_0.job_id,pq1_0.action_name,pq1_0.confidence_score,pq1_0.content_type,pq1_0.context_data,pq1_0.created_at,pq1_0.error_message,pq1_0.extracted_data,pq1_0.file_path,pq1_0.needs_approval,pq1_0.password,pq1_0.result_id,pq1_0.status,pq1_0.updated_at,pq1_0.username from processing_queue pq1_0 where pq1_0.status=? order by pq1_0.created_at
Hibernate: select pq1_0.job_id,pq1_0.action_name,pq1_0.confidence_score,pq1_0.content_type,pq1_0.context_data,pq1_0.created_at,pq1_0.error_message,pq1_0.extracted_data,pq1_0.file_path,pq1_0.needs_approval,pq1_0.password,pq1_0.result_id,pq1_0.status,pq1_0.updated_at,pq1_0.username from processing_queue pq1_0 where pq1_0.status=? order by pq1_0.created_at
Hibernate: select pq1_0.job_id,pq1_0.action_name,pq1_0.confidence_score,pq1_0.content_type,pq1_0.context_data,pq1_0.created_at,pq1_0.error_message,pq1_0.extracted_data,pq1_0.file_path,pq1_0.needs_approval,pq1_0.password,pq1_0.result_id,pq1_0.status,pq1_0.updated_at,pq1_0.username from processing_queue pq1_0 where pq1_0.status=? order by pq1_0.created_at
Hibernate: select pq1_0.job_id,pq1_0.action_name,pq1_0.confidence_score,pq1_0.content_type,pq1_0.context_data,pq1_0.created_at,pq1_0.error_message,pq1_0.extracted_data,pq1_0.file_path,pq1_0.needs_approval,pq1_0.password,pq1_0.result_id,pq1_0.status,pq1_0.updated_at,pq1_0.username from processing_queue pq1_0 where pq1_0.status=? order by pq1_0.created_at
Hibernate: select pq1_0.job_id,pq1_0.action_name,pq1_0.confidence_score,pq1_0.content_type,pq1_0.context_data,pq1_0.created_at,pq1_0.error_message,pq1_0.extracted_data,pq1_0.file_path,pq1_0.needs_approval,pq1_0.password,pq1_0.result_id,pq1_0.status,pq1_0.updated_at,pq1_0.username from processing_queue pq1_0 where pq1_0.status=? order by pq1_0.created_at
Hibernate: select pq1_0.job_id,pq1_0.action_name,pq1_0.confidence_score,pq1_0.content_type,pq1_0.context_data,pq1_0.created_at,pq1_0.error_message,pq1_0.extracted_data,pq1_0.file_path,pq1_0.needs_approval,pq1_0.password,pq1_0.result_id,pq1_0.status,pq1_0.updated_at,pq1_0.username from processing_queue pq1_0 where pq1_0.status=? order by pq1_0.created_at
Hibernate: select pq1_0.job_id,pq1_0.action_name,pq1_0.confidence_score,pq1_0.content_type,pq1_0.context_data,pq1_0.created_at,pq1_0.error_message,pq1_0.extracted_data,pq1_0.file_path,pq1_0.needs_approval,pq1_0.password,pq1_0.result_id,pq1_0.status,pq1_0.updated_at,pq1_0.username from processing_queue pq1_0 where pq1_0.status=? order by pq1_0.created_at
Hibernate: select pq1_0.job_id,pq1_0.action_name,pq1_0.confidence_score,pq1_0.content_type,pq1_0.context_data,pq1_0.created_at,pq1_0.error_message,pq1_0.extracted_data,pq1_0.file_path,pq1_0.needs_approval,pq1_0.password,pq1_0.result_id,pq1_0.status,pq1_0.updated_at,pq1_0.username from processing_queue pq1_0 where pq1_0.status=? order by pq1_0.created_at
Hibernate: select pq1_0.job_id,pq1_0.action_name,pq1_0.confidence_score,pq1_0.content_type,pq1_0.context_data,pq1_0.created_at,pq1_0.error_message,pq1_0.extracted_data,pq1_0.file_path,pq1_0.needs_approval,pq1_0.password,pq1_0.result_id,pq1_0.status,pq1_0.updated_at,pq1_0.username from processing_queue pq1_0 where pq1_0.status=? order by pq1_0.created_at
Hibernate: select pq1_0.job_id,pq1_0.action_name,pq1_0.confidence_score,pq1_0.content_type,pq1_0.context_data,pq1_0.created_at,pq1_0.error_message,pq1_0.extracted_data,pq1_0.file_path,pq1_0.needs_approval,pq1_0.password,pq1_0.result_id,pq1_0.status,pq1_0.updated_at,pq1_0.username from processing_queue pq1_0 where pq1_0.status=? order by pq1_0.created_at
Hibernate: select pq1_0.job_id,pq1_0.action_name,pq1_0.confidence_score,pq1_0.content_type,pq1_0.context_data,pq1_0.created_at,pq1_0.error_message,pq1_0.extracted_data,pq1_0.file_path,pq1_0.needs_approval,pq1_0.password,pq1_0.result_id,pq1_0.status,pq1_0.updated_at,pq1_0.username from processing_queue pq1_0 where pq1_0.status=? order by pq1_0.created_at
Hibernate: select pq1_0.job_id,pq1_0.action_name,pq1_0.confidence_score,pq1_0.content_type,pq1_0.context_data,pq1_0.created_at,pq1_0.error_message,pq1_0.extracted_data,pq1_0.file_path,pq1_0.needs_approval,pq1_0.password,pq1_0.result_id,pq1_0.status,pq1_0.updated_at,pq1_0.username from processing_queue pq1_0 where pq1_0.status=? order by pq1_0.created_at
Hibernate: select pq1_0.job_id,pq1_0.action_name,pq1_0.confidence_score,pq1_0.content_type,pq1_0.context_data,pq1_0.created_at,pq1_0.error_message,pq1_0.extracted_data,pq1_0.file_path,pq1_0.needs_approval,pq1_0.password,pq1_0.result_id,pq1_0.status,pq1_0.updated_at,pq1_0.username from processing_queue pq1_0 where pq1_0.status=? order by pq1_0.created_at
Hibernate: select pq1_0.job_id,pq1_0.action_name,pq1_0.confidence_score,pq1_0.content_type,pq1_0.context_data,pq1_0.created_at,pq1_0.error_message,pq1_0.extracted_data,pq1_0.file_path,pq1_0.needs_approval,pq1_0.password,pq1_0.result_id,pq1_0.status,pq1_0.updated_at,pq1_0.username from processing_queue pq1_0 where pq1_0.status=? order by pq1_0.created_at
Hibernate: select pq1_0.job_id,pq1_0.action_name,pq1_0.confidence_score,pq1_0.content_type,pq1_0.context_data,pq1_0.created_at,pq1_0.error_message,pq1_0.extracted_data,pq1_0.file_path,pq1_0.needs_approval,pq1_0.password,pq1_0.result_id,pq1_0.status,pq1_0.updated_at,pq1_0.username from processing_queue pq1_0 where pq1_0.status=? order by pq1_0.created_at
Hibernate: select pq1_0.job_id,pq1_0.action_name,pq1_0.confidence_score,pq1_0.content_type,pq1_0.context_data,pq1_0.created_at,pq1_0.error_message,pq1_0.extracted_data,pq1_0.file_path,pq1_0.needs_approval,pq1_0.password,pq1_0.result_id,pq1_0.status,pq1_0.updated_at,pq1_0.username from processing_queue pq1_0 where pq1_0.status=? order by pq1_0.created_at
Hibernate: select pq1_0.job_id,pq1_0.action_name,pq1_0.confidence_score,pq1_0.content_type,pq1_0.context_data,pq1_0.created_at,pq1_0.error_message,pq1_0.extracted_data,pq1_0.file_path,pq1_0.needs_approval,pq1_0.password,pq1_0.result_id,pq1_0.status,pq1_0.updated_at,pq1_0.username from processing_queue pq1_0 where pq1_0.status=? order by pq1_0.created_at
Hibernate: select pq1_0.job_id,pq1_0.action_name,pq1_0.confidence_score,pq1_0.content_type,pq1_0.context_data,pq1_0.created_at,pq1_0.error_message,pq1_0.extracted_data,pq1_0.file_path,pq1_0.needs_approval,pq1_0.password,pq1_0.result_id,pq1_0.status,pq1_0.updated_at,pq1_0.username from processing_queue pq1_0 where pq1_0.status=? order by pq1_0.created_at
Hibernate: select pq1_0.job_id,pq1_0.action_name,pq1_0.confidence_score,pq1_0.content_type,pq1_0.context_data,pq1_0.created_at,pq1_0.error_message,pq1_0.extracted_data,pq1_0.file_path,pq1_0.needs_approval,pq1_0.password,pq1_0.result_id,pq1_0.status,pq1_0.updated_at,pq1_0.username from processing_queue pq1_0 where pq1_0.status=? order by pq1_0.created_at
Hibernate: select pq1_0.job_id,pq1_0.action_name,pq1_0.confidence_score,pq1_0.content_type,pq1_0.context_data,pq1_0.created_at,pq1_0.error_message,pq1_0.extracted_data,pq1_0.file_path,pq1_0.needs_approval,pq1_0.password,pq1_0.result_id,pq1_0.status,pq1_0.updated_at,pq1_0.username from processing_queue pq1_0 where pq1_0.status=? order by pq1_0.created_at
Hibernate: select pq1_0.job_id,pq1_0.action_name,pq1_0.confidence_score,pq1_0.content_type,pq1_0.context_data,pq1_0.created_at,pq1_0.error_message,pq1_0.extracted_data,pq1_0.file_path,pq1_0.needs_approval,pq1_0.password,pq1_0.result_id,pq1_0.status,pq1_0.updated_at,pq1_0.username from processing_queue pq1_0 where pq1_0.status=? order by pq1_0.created_at
Hibernate: select pq1_0.job_id,pq1_0.action_name,pq1_0.confidence_score,pq1_0.content_type,pq1_0.context_data,pq1_0.created_at,pq1_0.error_message,pq1_0.extracted_data,pq1_0.file_path,pq1_0.needs_approval,pq1_0.password,pq1_0.result_id,pq1_0.status,pq1_0.updated_at,pq1_0.username from processing_queue pq1_0 where pq1_0.status=? order by pq1_0.created_at
Hibernate: select pq1_0.job_id,pq1_0.action_name,pq1_0.confidence_score,pq1_0.content_type,pq1_0.context_data,pq1_0.created_at,pq1_0.error_message,pq1_0.extracted_data,pq1_0.file_path,pq1_0.needs_approval,pq1_0.password,pq1_0.result_id,pq1_0.status,pq1_0.updated_at,pq1_0.username from processing_queue pq1_0 where pq1_0.status=? order by pq1_0.created_at
Hibernate: select pq1_0.job_id,pq1_0.action_name,pq1_0.confidence_score,pq1_0.content_type,pq1_0.context_data,pq1_0.created_at,pq1_0.error_message,pq1_0.extracted_data,pq1_0.file_path,pq1_0.needs_approval,pq1_0.password,pq1_0.result_id,pq1_0.status,pq1_0.updated_at,pq1_0.username from processing_queue pq1_0 where pq1_0.status=? order by pq1_0.created_at
Hibernate: select pq1_0.job_id,pq1_0.action_name,pq1_0.confidence_score,pq1_0.content_type,pq1_0.context_data,pq1_0.created_at,pq1_0.error_message,pq1_0.extracted_data,pq1_0.file_path,pq1_0.needs_approval,pq1_0.password,pq1_0.result_id,pq1_0.status,pq1_0.updated_at,pq1_0.username from processing_queue pq1_0 where pq1_0.status=? order by pq1_0.created_at
Hibernate: select pq1_0.job_id,pq1_0.action_name,pq1_0.confidence_score,pq1_0.content_type,pq1_0.context_data,pq1_0.created_at,pq1_0.error_message,pq1_0.extracted_data,pq1_0.file_path,pq1_0.needs_approval,pq1_0.password,pq1_0.result_id,pq1_0.status,pq1_0.updated_at,pq1_0.username from processing_queue pq1_0 where pq1_0.status=? order by pq1_0.created_at
Hibernate: select pq1_0.job_id,pq1_0.action_name,pq1_0.confidence_score,pq1_0.content_type,pq1_0.context_data,pq1_0.created_at,pq1_0.error_message,pq1_0.extracted_data,pq1_0.file_path,pq1_0.needs_approval,pq1_0.password,pq1_0.result_id,pq1_0.status,pq1_0.updated_at,pq1_0.username from processing_queue pq1_0 where pq1_0.status=? order by pq1_0.created_at
Hibernate: select pq1_0.job_id,pq1_0.action_name,pq1_0.confidence_score,pq1_0.content_type,pq1_0.context_data,pq1_0.created_at,pq1_0.error_message,pq1_0.extracted_data,pq1_0.file_path,pq1_0.needs_approval,pq1_0.password,pq1_0.result_id,pq1_0.status,pq1_0.updated_at,pq1_0.username from processing_queue pq1_0 where pq1_0.status=? order by pq1_0.created_at
Hibernate: select pq1_0.job_id,pq1_0.action_name,pq1_0.confidence_score,pq1_0.content_type,pq1_0.context_data,pq1_0.created_at,pq1_0.error_message,pq1_0.extracted_data,pq1_0.file_path,pq1_0.needs_approval,pq1_0.password,pq1_0.result_id,pq1_0.status,pq1_0.updated_at,pq1_0.username from processing_queue pq1_0 where pq1_0.status=? order by pq1_0.created_at
Hibernate: select pq1_0.job_id,pq1_0.action_name,pq1_0.confidence_score,pq1_0.content_type,pq1_0.context_data,pq1_0.created_at,pq1_0.error_message,pq1_0.extracted_data,pq1_0.file_path,pq1_0.needs_approval,pq1_0.password,pq1_0.result_id,pq1_0.status,pq1_0.updated_at,pq1_0.username from processing_queue pq1_0 where pq1_0.status=? order by pq1_0.created_at
Hibernate: select pq1_0.job_id,pq1_0.action_name,pq1_0.confidence_score,pq1_0.content_type,pq1_0.context_data,pq1_0.created_at,pq1_0.error_message,pq1_0.extracted_data,pq1_0.file_path,pq1_0.needs_approval,pq1_0.password,pq1_0.result_id,pq1_0.status,pq1_0.updated_at,pq1_0.username from processing_queue pq1_0 where pq1_0.status=? order by pq1_0.created_at
Hibernate: select pq1_0.job_id,pq1_0.action_name,pq1_0.confidence_score,pq1_0.content_type,pq1_0.context_data,pq1_0.created_at,pq1_0.error_message,pq1_0.extracted_data,pq1_0.file_path,pq1_0.needs_approval,pq1_0.password,pq1_0.result_id,pq1_0.status,pq1_0.updated_at,pq1_0.username from processing_queue pq1_0 where pq1_0.status=? order by pq1_0.created_at
Hibernate: select pq1_0.job_id,pq1_0.action_name,pq1_0.confidence_score,pq1_0.content_type,pq1_0.context_data,pq1_0.created_at,pq1_0.error_message,pq1_0.extracted_data,pq1_0.file_path,pq1_0.needs_approval,pq1_0.password,pq1_0.result_id,pq1_0.status,pq1_0.updated_at,pq1_0.username from processing_queue pq1_0 where pq1_0.status=? order by pq1_0.created_at
Hibernate: select pq1_0.job_id,pq1_0.action_name,pq1_0.confidence_score,pq1_0.content_type,pq1_0.context_data,pq1_0.created_at,pq1_0.error_message,pq1_0.extracted_data,pq1_0.file_path,pq1_0.needs_approval,pq1_0.password,pq1_0.result_id,pq1_0.status,pq1_0.updated_at,pq1_0.username from processing_queue pq1_0 where pq1_0.status=? order by pq1_0.created_at
Hibernate: select pq1_0.job_id,pq1_0.action_name,pq1_0.confidence_score,pq1_0.content_type,pq1_0.context_data,pq1_0.created_at,pq1_0.error_message,pq1_0.extracted_data,pq1_0.file_path,pq1_0.needs_approval,pq1_0.password,pq1_0.result_id,pq1_0.status,pq1_0.updated_at,pq1_0.username from processing_queue pq1_0 where pq1_0.status=? order by pq1_0.created_at
Hibernate: select pq1_0.job_id,pq1_0.action_name,pq1_0.confidence_score,pq1_0.content_type,pq1_0.context_data,pq1_0.created_at,pq1_0.error_message,pq1_0.extracted_data,pq1_0.file_path,pq1_0.needs_approval,pq1_0.password,pq1_0.result_id,pq1_0.status,pq1_0.updated_at,pq1_0.username from processing_queue pq1_0 where pq1_0.status=? order by pq1_0.created_at
Hibernate: select pq1_0.job_id,pq1_0.action_name,pq1_0.confidence_score,pq1_0.content_type,pq1_0.context_data,pq1_0.created_at,pq1_0.error_message,pq1_0.extracted_data,pq1_0.file_path,pq1_0.needs_approval,pq1_0.password,pq1_0.result_id,pq1_0.status,pq1_0.updated_at,pq1_0.username from processing_queue pq1_0 where pq1_0.status=? order by pq1_0.created_at
Hibernate: select pq1_0.job_id,pq1_0.action_name,pq1_0.confidence_score,pq1_0.content_type,pq1_0.context_data,pq1_0.created_at,pq1_0.error_message,pq1_0.extracted_data,pq1_0.file_path,pq1_0.needs_approval,pq1_0.password,pq1_0.result_id,pq1_0.status,pq1_0.updated_at,pq1_0.username from processing_queue pq1_0 where pq1_0.status=? order by pq1_0.created_at
Hibernate: select pq1_0.job_id,pq1_0.action_name,pq1_0.confidence_score,pq1_0.content_type,pq1_0.context_data,pq1_0.created_at,pq1_0.error_message,pq1_0.extracted_data,pq1_0.file_path,pq1_0.needs_approval,pq1_0.password,pq1_0.result_id,pq1_0.status,pq1_0.updated_at,pq1_0.username from processing_queue pq1_0 where pq1_0.status=? order by pq1_0.created_at
Hibernate: select pq1_0.job_id,pq1_0.action_name,pq1_0.confidence_score,pq1_0.content_type,pq1_0.context_data,pq1_0.created_at,pq1_0.error_message,pq1_0.extracted_data,pq1_0.file_path,pq1_0.needs_approval,pq1_0.password,pq1_0.result_id,pq1_0.status,pq1_0.updated_at,pq1_0.username from processing_queue pq1_0 where pq1_0.status=? order by pq1_0.created_at
Hibernate: select pq1_0.job_id,pq1_0.action_name,pq1_0.confidence_score,pq1_0.content_type,pq1_0.context_data,pq1_0.created_at,pq1_0.error_message,pq1_0.extracted_data,pq1_0.file_path,pq1_0.needs_approval,pq1_0.password,pq1_0.result_id,pq1_0.status,pq1_0.updated_at,pq1_0.username from processing_queue pq1_0 where pq1_0.status=? order by pq1_0.created_at
Hibernate: select pq1_0.job_id,pq1_0.action_name,pq1_0.confidence_score,pq1_0.content_type,pq1_0.context_data,pq1_0.created_at,pq1_0.error_message,pq1_0.extracted_data,pq1_0.file_path,pq1_0.needs_approval,pq1_0.password,pq1_0.result_id,pq1_0.status,pq1_0.updated_at,pq1_0.username from processing_queue pq1_0 where pq1_0.status=? order by pq1_0.created_at
Hibernate: select pq1_0.job_id,pq1_0.action_name,pq1_0.confidence_score,pq1_0.content_type,pq1_0.context_data,pq1_0.created_at,pq1_0.error_message,pq1_0.extracted_data,pq1_0.file_path,pq1_0.needs_approval,pq1_0.password,pq1_0.result_id,pq1_0.status,pq1_0.updated_at,pq1_0.username from processing_queue pq1_0 where pq1_0.status=? order by pq1_0.created_at
Hibernate: select pq1_0.job_id,pq1_0.action_name,pq1_0.confidence_score,pq1_0.content_type,pq1_0.context_data,pq1_0.created_at,pq1_0.error_message,pq1_0.extracted_data,pq1_0.file_path,pq1_0.needs_approval,pq1_0.password,pq1_0.result_id,pq1_0.status,pq1_0.updated_at,pq1_0.username from processing_queue pq1_0 where pq1_0.status=? order by pq1_0.created_at
Hibernate: select pq1_0.job_id,pq1_0.action_name,pq1_0.confidence_score,pq1_0.content_type,pq1_0.context_data,pq1_0.created_at,pq1_0.error_message,pq1_0.extracted_data,pq1_0.file_path,pq1_0.needs_approval,pq1_0.password,pq1_0.result_id,pq1_0.status,pq1_0.updated_at,pq1_0.username from processing_queue pq1_0 where pq1_0.status=? order by pq1_0.created_at
Hibernate: select pq1_0.job_id,pq1_0.action_name,pq1_0.confidence_score,pq1_0.content_type,pq1_0.context_data,pq1_0.created_at,pq1_0.error_message,pq1_0.extracted_data,pq1_0.file_path,pq1_0.needs_approval,pq1_0.password,pq1_0.result_id,pq1_0.status,pq1_0.updated_at,pq1_0.username from processing_queue pq1_0 where pq1_0.status=? order by pq1_0.created_at
Hibernate: select pq1_0.job_id,pq1_0.action_name,pq1_0.confidence_score,pq1_0.content_type,pq1_0.context_data,pq1_0.created_at,pq1_0.error_message,pq1_0.extracted_data,pq1_0.file_path,pq1_0.needs_approval,pq1_0.password,pq1_0.result_id,pq1_0.status,pq1_0.updated_at,pq1_0.username from processing_queue pq1_0 where pq1_0.status=? order by pq1_0.created_at
Hibernate: select pq1_0.job_id,pq1_0.action_name,pq1_0.confidence_score,pq1_0.content_type,pq1_0.context_data,pq1_0.created_at,pq1_0.error_message,pq1_0.extracted_data,pq1_0.file_path,pq1_0.needs_approval,pq1_0.password,pq1_0.result_id,pq1_0.status,pq1_0.updated_at,pq1_0.username from processing_queue pq1_0 where pq1_0.status=? order by pq1_0.created_at
Hibernate: select pq1_0.job_id,pq1_0.action_name,pq1_0.confidence_score,pq1_0.content_type,pq1_0.context_data,pq1_0.created_at,pq1_0.error_message,pq1_0.extracted_data,pq1_0.file_path,pq1_0.needs_approval,pq1_0.password,pq1_0.result_id,pq1_0.status,pq1_0.updated_at,pq1_0.username from processing_queue pq1_0 where pq1_0.status=? order by pq1_0.created_at
Hibernate: select pq1_0.job_id,pq1_0.action_name,pq1_0.confidence_score,pq1_0.content_type,pq1_0.context_data,pq1_0.created_at,pq1_0.error_message,pq1_0.extracted_data,pq1_0.file_path,pq1_0.needs_approval,pq1_0.password,pq1_0.result_id,pq1_0.status,pq1_0.updated_at,pq1_0.username from processing_queue pq1_0 where pq1_0.status=? order by pq1_0.created_at
Hibernate: select pq1_0.job_id,pq1_0.action_name,pq1_0.confidence_score,pq1_0.content_type,pq1_0.context_data,pq1_0.created_at,pq1_0.error_message,pq1_0.extracted_data,pq1_0.file_path,pq1_0.needs_approval,pq1_0.password,pq1_0.result_id,pq1_0.status,pq1_0.updated_at,pq1_0.username from processing_queue pq1_0 where pq1_0.status=? order by pq1_0.created_at
Hibernate: select pq1_0.job_id,pq1_0.action_name,pq1_0.confidence_score,pq1_0.content_type,pq1_0.context_data,pq1_0.created_at,pq1_0.error_message,pq1_0.extracted_data,pq1_0.file_path,pq1_0.needs_approval,pq1_0.password,pq1_0.result_id,pq1_0.status,pq1_0.updated_at,pq1_0.username from processing_queue pq1_0 where pq1_0.status=? order by pq1_0.created_at
Hibernate: select pq1_0.job_id,pq1_0.action_name,pq1_0.confidence_score,pq1_0.content_type,pq1_0.context_data,pq1_0.created_at,pq1_0.error_message,pq1_0.extracted_data,pq1_0.file_path,pq1_0.needs_approval,pq1_0.password,pq1_0.result_id,pq1_0.status,pq1_0.updated_at,pq1_0.username from processing_queue pq1_0 where pq1_0.status=? order by pq1_0.created_at
Hibernate: select pq1_0.job_id,pq1_0.action_name,pq1_0.confidence_score,pq1_0.content_type,pq1_0.context_data,pq1_0.created_at,pq1_0.error_message,pq1_0.extracted_data,pq1_0.file_path,pq1_0.needs_approval,pq1_0.password,pq1_0.result_id,pq1_0.status,pq1_0.updated_at,pq1_0.username from processing_queue pq1_0 where pq1_0.status=? order by pq1_0.created_at
Hibernate: select pq1_0.job_id,pq1_0.action_name,pq1_0.confidence_score,pq1_0.content_type,pq1_0.context_data,pq1_0.created_at,pq1_0.error_message,pq1_0.extracted_data,pq1_0.file_path,pq1_0.needs_approval,pq1_0.password,pq1_0.result_id,pq1_0.status,pq1_0.updated_at,pq1_0.username from processing_queue pq1_0 where pq1_0.status=? order by pq1_0.created_at
Hibernate: select pq1_0.job_id,pq1_0.action_name,pq1_0.confidence_score,pq1_0.content_type,pq1_0.context_data,pq1_0.created_at,pq1_0.error_message,pq1_0.extracted_data,pq1_0.file_path,pq1_0.needs_approval,pq1_0.password,pq1_0.result_id,pq1_0.status,pq1_0.updated_at,pq1_0.username from processing_queue pq1_0 where pq1_0.status=? order by pq1_0.created_at
Hibernate: select pq1_0.job_id,pq1_0.action_name,pq1_0.confidence_score,pq1_0.content_type,pq1_0.context_data,pq1_0.created_at,pq1_0.error_message,pq1_0.extracted_data,pq1_0.file_path,pq1_0.needs_approval,pq1_0.password,pq1_0.result_id,pq1_0.status,pq1_0.updated_at,pq1_0.username from processing_queue pq1_0 where pq1_0.status=? order by pq1_0.created_at
Hibernate: select pq1_0.job_id,pq1_0.action_name,pq1_0.confidence_score,pq1_0.content_type,pq1_0.context_data,pq1_0.created_at,pq1_0.error_message,pq1_0.extracted_data,pq1_0.file_path,pq1_0.needs_approval,pq1_0.password,pq1_0.result_id,pq1_0.status,pq1_0.updated_at,pq1_0.username from processing_queue pq1_0 where pq1_0.status=? order by pq1_0.created_at
Hibernate: select pq1_0.job_id,pq1_0.action_name,pq1_0.confidence_score,pq1_0.content_type,pq1_0.context_data,pq1_0.created_at,pq1_0.error_message,pq1_0.extracted_data,pq1_0.file_path,pq1_0.needs_approval,pq1_0.password,pq1_0.result_id,pq1_0.status,pq1_0.updated_at,pq1_0.username from processing_queue pq1_0 where pq1_0.status=? order by pq1_0.created_at
Hibernate: select pq1_0.job_id,pq1_0.action_name,pq1_0.confidence_score,pq1_0.content_type,pq1_0.context_data,pq1_0.created_at,pq1_0.error_message,pq1_0.extracted_data,pq1_0.file_path,pq1_0.needs_approval,pq1_0.password,pq1_0.result_id,pq1_0.status,pq1_0.updated_at,pq1_0.username from processing_queue pq1_0 where pq1_0.status=? order by pq1_0.created_at
Hibernate: select pq1_0.job_id,pq1_0.action_name,pq1_0.confidence_score,pq1_0.content_type,pq1_0.context_data,pq1_0.created_at,pq1_0.error_message,pq1_0.extracted_data,pq1_0.file_path,pq1_0.needs_approval,pq1_0.password,pq1_0.result_id,pq1_0.status,pq1_0.updated_at,pq1_0.username from processing_queue pq1_0 where pq1_0.status=? order by pq1_0.created_at
Hibernate: select pq1_0.job_id,pq1_0.action_name,pq1_0.confidence_score,pq1_0.content_type,pq1_0.context_data,pq1_0.created_at,pq1_0.error_message,pq1_0.extracted_data,pq1_0.file_path,pq1_0.needs_approval,pq1_0.password,pq1_0.result_id,pq1_0.status,pq1_0.updated_at,pq1_0.username from processing_queue pq1_0 where pq1_0.status=? order by pq1_0.created_at
Hibernate: select pq1_0.job_id,pq1_0.action_name,pq1_0.confidence_score,pq1_0.content_type,pq1_0.context_data,pq1_0.created_at,pq1_0.error_message,pq1_0.extracted_data,pq1_0.file_path,pq1_0.needs_approval,pq1_0.password,pq1_0.result_id,pq1_0.status,pq1_0.updated_at,pq1_0.username from processing_queue pq1_0 where pq1_0.status=? order by pq1_0.created_at
Hibernate: select pq1_0.job_id,pq1_0.action_name,pq1_0.confidence_score,pq1_0.content_type,pq1_0.context_data,pq1_0.created_at,pq1_0.error_message,pq1_0.extracted_data,pq1_0.file_path,pq1_0.needs_approval,pq1_0.password,pq1_0.result_id,pq1_0.status,pq1_0.updated_at,pq1_0.username from processing_queue pq1_0 where pq1_0.status=? order by pq1_0.created_at
Hibernate: select pq1_0.job_id,pq1_0.action_name,pq1_0.confidence_score,pq1_0.content_type,pq1_0.context_data,pq1_0.created_at,pq1_0.error_message,pq1_0.extracted_data,pq1_0.file_path,pq1_0.needs_approval,pq1_0.password,pq1_0.result_id,pq1_0.status,pq1_0.updated_at,pq1_0.username from processing_queue pq1_0 where pq1_0.status=? order by pq1_0.created_at
Hibernate: select pq1_0.job_id,pq1_0.action_name,pq1_0.confidence_score,pq1_0.content_type,pq1_0.context_data,pq1_0.created_at,pq1_0.error_message,pq1_0.extracted_data,pq1_0.file_path,pq1_0.needs_approval,pq1_0.password,pq1_0.result_id,pq1_0.status,pq1_0.updated_at,pq1_0.username from processing_queue pq1_0 where pq1_0.status=? order by pq1_0.created_at
Hibernate: select pq1_0.job_id,pq1_0.action_name,pq1_0.confidence_score,pq1_0.content_type,pq1_0.context_data,pq1_0.created_at,pq1_0.error_message,pq1_0.extracted_data,pq1_0.file_path,pq1_0.needs_approval,pq1_0.password,pq1_0.result_id,pq1_0.status,pq1_0.updated_at,pq1_0.username from processing_queue pq1_0 where pq1_0.status=? order by pq1_0.created_at
Hibernate: select pq1_0.job_id,pq1_0.action_name,pq1_0.confidence_score,pq1_0.content_type,pq1_0.context_data,pq1_0.created_at,pq1_0.error_message,pq1_0.extracted_data,pq1_0.file_path,pq1_0.needs_approval,pq1_0.password,pq1_0.result_id,pq1_0.status,pq1_0.updated_at,pq1_0.username from processing_queue pq1_0 where pq1_0.status=? order by pq1_0.created_at
Hibernate: select pq1_0.job_id,pq1_0.action_name,pq1_0.confidence_score,pq1_0.content_type,pq1_0.context_data,pq1_0.created_at,pq1_0.error_message,pq1_0.extracted_data,pq1_0.file_path,pq1_0.needs_approval,pq1_0.password,pq1_0.result_id,pq1_0.status,pq1_0.updated_at,pq1_0.username from processing_queue pq1_0 where pq1_0.status=? order by pq1_0.created_at
Hibernate: select pq1_0.job_id,pq1_0.action_name,pq1_0.confidence_score,pq1_0.content_type,pq1_0.context_data,pq1_0.created_at,pq1_0.error_message,pq1_0.extracted_data,pq1_0.file_path,pq1_0.needs_approval,pq1_0.password,pq1_0.result_id,pq1_0.status,pq1_0.updated_at,pq1_0.username from processing_queue pq1_0 where pq1_0.status=? order by pq1_0.created_at
Hibernate: select pq1_0.job_id,pq1_0.action_name,pq1_0.confidence_score,pq1_0.content_type,pq1_0.context_data,pq1_0.created_at,pq1_0.error_message,pq1_0.extracted_data,pq1_0.file_path,pq1_0.needs_approval,pq1_0.password,pq1_0.result_id,pq1_0.status,pq1_0.updated_at,pq1_0.username from processing_queue pq1_0 where pq1_0.status=? order by pq1_0.created_at
Hibernate: select pq1_0.job_id,pq1_0.action_name,pq1_0.confidence_score,pq1_0.content_type,pq1_0.context_data,pq1_0.created_at,pq1_0.error_message,pq1_0.extracted_data,pq1_0.file_path,pq1_0.needs_approval,pq1_0.password,pq1_0.result_id,pq1_0.status,pq1_0.updated_at,pq1_0.username from processing_queue pq1_0 where pq1_0.status=? order by pq1_0.created_at
Hibernate: select pq1_0.job_id,pq1_0.action_name,pq1_0.confidence_score,pq1_0.content_type,pq1_0.context_data,pq1_0.created_at,pq1_0.error_message,pq1_0.extracted_data,pq1_0.file_path,pq1_0.needs_approval,pq1_0.password,pq1_0.result_id,pq1_0.status,pq1_0.updated_at,pq1_0.username from processing_queue pq1_0 where pq1_0.status=? order by pq1_0.created_at
Hibernate: select pq1_0.job_id,pq1_0.action_name,pq1_0.confidence_score,pq1_0.content_type,pq1_0.context_data,pq1_0.created_at,pq1_0.error_message,pq1_0.extracted_data,pq1_0.file_path,pq1_0.needs_approval,pq1_0.password,pq1_0.result_id,pq1_0.status,pq1_0.updated_at,pq1_0.username from processing_queue pq1_0 where pq1_0.status=? order by pq1_0.created_at
Hibernate: select pq1_0.job_id,pq1_0.action_name,pq1_0.confidence_score,pq1_0.content_type,pq1_0.context_data,pq1_0.created_at,pq1_0.error_message,pq1_0.extracted_data,pq1_0.file_path,pq1_0.needs_approval,pq1_0.password,pq1_0.result_id,pq1_0.status,pq1_0.updated_at,pq1_0.username from processing_queue pq1_0 where pq1_0.status=? order by pq1_0.created_at
Hibernate: select pq1_0.job_id,pq1_0.action_name,pq1_0.confidence_score,pq1_0.content_type,pq1_0.context_data,pq1_0.created_at,pq1_0.error_message,pq1_0.extracted_data,pq1_0.file_path,pq1_0.needs_approval,pq1_0.password,pq1_0.result_id,pq1_0.status,pq1_0.updated_at,pq1_0.username from processing_queue pq1_0 where pq1_0.status=? order by pq1_0.created_at
Hibernate: select pq1_0.job_id,pq1_0.action_name,pq1_0.confidence_score,pq1_0.content_type,pq1_0.context_data,pq1_0.created_at,pq1_0.error_message,pq1_0.extracted_data,pq1_0.file_path,pq1_0.needs_approval,pq1_0.password,pq1_0.result_id,pq1_0.status,pq1_0.updated_at,pq1_0.username from processing_queue pq1_0 where pq1_0.status=? order by pq1_0.created_at
Hibernate: select pq1_0.job_id,pq1_0.action_name,pq1_0.confidence_score,pq1_0.content_type,pq1_0.context_data,pq1_0.created_at,pq1_0.error_message,pq1_0.extracted_data,pq1_0.file_path,pq1_0.needs_approval,pq1_0.password,pq1_0.result_id,pq1_0.status,pq1_0.updated_at,pq1_0.username from processing_queue pq1_0 where pq1_0.status=? order by pq1_0.created_at
Hibernate: select pq1_0.job_id,pq1_0.action_name,pq1_0.confidence_score,pq1_0.content_type,pq1_0.context_data,pq1_0.created_at,pq1_0.error_message,pq1_0.extracted_data,pq1_0.file_path,pq1_0.needs_approval,pq1_0.password,pq1_0.result_id,pq1_0.status,pq1_0.updated_at,pq1_0.username from processing_queue pq1_0 where pq1_0.status=? order by pq1_0.created_at
Hibernate: select pq1_0.job_id,pq1_0.action_name,pq1_0.confidence_score,pq1_0.content_type,pq1_0.context_data,pq1_0.created_at,pq1_0.error_message,pq1_0.extracted_data,pq1_0.file_path,pq1_0.needs_approval,pq1_0.password,pq1_0.result_id,pq1_0.status,pq1_0.updated_at,pq1_0.username from processing_queue pq1_0 where pq1_0.status=? order by pq1_0.created_at
Hibernate: select pq1_0.job_id,pq1_0.action_name,pq1_0.confidence_score,pq1_0.content_type,pq1_0.context_data,pq1_0.created_at,pq1_0.error_message,pq1_0.extracted_data,pq1_0.file_path,pq1_0.needs_approval,pq1_0.password,pq1_0.result_id,pq1_0.status,pq1_0.updated_at,pq1_0.username from processing_queue pq1_0 where pq1_0.status=? order by pq1_0.created_at
Hibernate: select pq1_0.job_id,pq1_0.action_name,pq1_0.confidence_score,pq1_0.content_type,pq1_0.context_data,pq1_0.created_at,pq1_0.error_message,pq1_0.extracted_data,pq1_0.file_path,pq1_0.needs_approval,pq1_0.password,pq1_0.result_id,pq1_0.status,pq1_0.updated_at,pq1_0.username from processing_queue pq1_0 where pq1_0.status=? order by pq1_0.created_at
Hibernate: select pq1_0.job_id,pq1_0.action_name,pq1_0.confidence_score,pq1_0.content_type,pq1_0.context_data,pq1_0.created_at,pq1_0.error_message,pq1_0.extracted_data,pq1_0.file_path,pq1_0.needs_approval,pq1_0.password,pq1_0.result_id,pq1_0.status,pq1_0.updated_at,pq1_0.username from processing_queue pq1_0 where pq1_0.status=? order by pq1_0.created_at
Hibernate: select pq1_0.job_id,pq1_0.action_name,pq1_0.confidence_score,pq1_0.content_type,pq1_0.context_data,pq1_0.created_at,pq1_0.error_message,pq1_0.extracted_data,pq1_0.file_path,pq1_0.needs_approval,pq1_0.password,pq1_0.result_id,pq1_0.status,pq1_0.updated_at,pq1_0.username from processing_queue pq1_0 where pq1_0.status=? order by pq1_0.created_at
Hibernate: select pq1_0.job_id,pq1_0.action_name,pq1_0.confidence_score,pq1_0.content_type,pq1_0.context_data,pq1_0.created_at,pq1_0.error_message,pq1_0.extracted_data,pq1_0.file_path,pq1_0.needs_approval,pq1_0.password,pq1_0.result_id,pq1_0.status,pq1_0.updated_at,pq1_0.username from processing_queue pq1_0 where pq1_0.status=? order by pq1_0.created_at
Hibernate: select pq1_0.job_id,pq1_0.action_name,pq1_0.confidence_score,pq1_0.content_type,pq1_0.context_data,pq1_0.created_at,pq1_0.error_message,pq1_0.extracted_data,pq1_0.file_path,pq1_0.needs_approval,pq1_0.password,pq1_0.result_id,pq1_0.status,pq1_0.updated_at,pq1_0.username from processing_queue pq1_0 where pq1_0.status=? order by pq1_0.created_at
Hibernate: select pq1_0.job_id,pq1_0.action_name,pq1_0.confidence_score,pq1_0.content_type,pq1_0.context_data,pq1_0.created_at,pq1_0.error_message,pq1_0.extracted_data,pq1_0.file_path,pq1_0.needs_approval,pq1_0.password,pq1_0.result_id,pq1_0.status,pq1_0.updated_at,pq1_0.username from processing_queue pq1_0 where pq1_0.status=? order by pq1_0.created_at
Hibernate: select pq1_0.job_id,pq1_0.action_name,pq1_0.confidence_score,pq1_0.content_type,pq1_0.context_data,pq1_0.created_at,pq1_0.error_message,pq1_0.extracted_data,pq1_0.file_path,pq1_0.needs_approval,pq1_0.password,pq1_0.result_id,pq1_0.status,pq1_0.updated_at,pq1_0.username from processing_queue pq1_0 where pq1_0.status=? order by pq1_0.created_at
Hibernate: select pq1_0.job_id,pq1_0.action_name,pq1_0.confidence_score,pq1_0.content_type,pq1_0.context_data,pq1_0.created_at,pq1_0.error_message,pq1_0.extracted_data,pq1_0.file_path,pq1_0.needs_approval,pq1_0.password,pq1_0.result_id,pq1_0.status,pq1_0.updated_at,pq1_0.username from processing_queue pq1_0 where pq1_0.status=? order by pq1_0.created_at
Hibernate: select pq1_0.job_id,pq1_0.action_name,pq1_0.confidence_score,pq1_0.content_type,pq1_0.context_data,pq1_0.created_at,pq1_0.error_message,pq1_0.extracted_data,pq1_0.file_path,pq1_0.needs_approval,pq1_0.password,pq1_0.result_id,pq1_0.status,pq1_0.updated_at,pq1_0.username from processing_queue pq1_0 where pq1_0.status=? order by pq1_0.created_at
Hibernate: select pq1_0.job_id,pq1_0.action_name,pq1_0.confidence_score,pq1_0.content_type,pq1_0.context_data,pq1_0.created_at,pq1_0.error_message,pq1_0.extracted_data,pq1_0.file_path,pq1_0.needs_approval,pq1_0.password,pq1_0.result_id,pq1_0.status,pq1_0.updated_at,pq1_0.username from processing_queue pq1_0 where pq1_0.status=? order by pq1_0.created_at
Hibernate: select pq1_0.job_id,pq1_0.action_name,pq1_0.confidence_score,pq1_0.content_type,pq1_0.context_data,pq1_0.created_at,pq1_0.error_message,pq1_0.extracted_data,pq1_0.file_path,pq1_0.needs_approval,pq1_0.password,pq1_0.result_id,pq1_0.status,pq1_0.updated_at,pq1_0.username from processing_queue pq1_0 where pq1_0.status=? order by pq1_0.created_at
Hibernate: select pq1_0.job_id,pq1_0.action_name,pq1_0.confidence_score,pq1_0.content_type,pq1_0.context_data,pq1_0.created_at,pq1_0.error_message,pq1_0.extracted_data,pq1_0.file_path,pq1_0.needs_approval,pq1_0.password,pq1_0.result_id,pq1_0.status,pq1_0.updated_at,pq1_0.username from processing_queue pq1_0 where pq1_0.status=? order by pq1_0.created_at
Hibernate: select pq1_0.job_id,pq1_0.action_name,pq1_0.confidence_score,pq1_0.content_type,pq1_0.context_data,pq1_0.created_at,pq1_0.error_message,pq1_0.extracted_data,pq1_0.file_path,pq1_0.needs_approval,pq1_0.password,pq1_0.result_id,pq1_0.status,pq1_0.updated_at,pq1_0.username from processing_queue pq1_0 where pq1_0.status=? order by pq1_0.created_at
Hibernate: select pq1_0.job_id,pq1_0.action_name,pq1_0.confidence_score,pq1_0.content_type,pq1_0.context_data,pq1_0.created_at,pq1_0.error_message,pq1_0.extracted_data,pq1_0.file_path,pq1_0.needs_approval,pq1_0.password,pq1_0.result_id,pq1_0.status,pq1_0.updated_at,pq1_0.username from processing_queue pq1_0 where pq1_0.status=? order by pq1_0.created_at
Hibernate: select pq1_0.job_id,pq1_0.action_name,pq1_0.confidence_score,pq1_0.content_type,pq1_0.context_data,pq1_0.created_at,pq1_0.error_message,pq1_0.extracted_data,pq1_0.file_path,pq1_0.needs_approval,pq1_0.password,pq1_0.result_id,pq1_0.status,pq1_0.updated_at,pq1_0.username from processing_queue pq1_0 where pq1_0.status=? order by pq1_0.created_at
Hibernate: select pq1_0.job_id,pq1_0.action_name,pq1_0.confidence_score,pq1_0.content_type,pq1_0.context_data,pq1_0.created_at,pq1_0.error_message,pq1_0.extracted_data,pq1_0.file_path,pq1_0.needs_approval,pq1_0.password,pq1_0.result_id,pq1_0.status,pq1_0.updated_at,pq1_0.username from processing_queue pq1_0 where pq1_0.status=? order by pq1_0.created_at
Hibernate: select pq1_0.job_id,pq1_0.action_name,pq1_0.confidence_score,pq1_0.content_type,pq1_0.context_data,pq1_0.created_at,pq1_0.error_message,pq1_0.extracted_data,pq1_0.file_path,pq1_0.needs_approval,pq1_0.password,pq1_0.result_id,pq1_0.status,pq1_0.updated_at,pq1_0.username from processing_queue pq1_0 where pq1_0.status=? order by pq1_0.created_at
Hibernate: select pq1_0.job_id,pq1_0.action_name,pq1_0.confidence_score,pq1_0.content_type,pq1_0.context_data,pq1_0.created_at,pq1_0.error_message,pq1_0.extracted_data,pq1_0.file_path,pq1_0.needs_approval,pq1_0.password,pq1_0.result_id,pq1_0.status,pq1_0.updated_at,pq1_0.username from processing_queue pq1_0 where pq1_0.status=? order by pq1_0.created_at
Hibernate: select pq1_0.job_id,pq1_0.action_name,pq1_0.confidence_score,pq1_0.content_type,pq1_0.context_data,pq1_0.created_at,pq1_0.error_message,pq1_0.extracted_data,pq1_0.file_path,pq1_0.needs_approval,pq1_0.password,pq1_0.result_id,pq1_0.status,pq1_0.updated_at,pq1_0.username from processing_queue pq1_0 where pq1_0.status=? order by pq1_0.created_at
Hibernate: select pq1_0.job_id,pq1_0.action_name,pq1_0.confidence_score,pq1_0.content_type,pq1_0.context_data,pq1_0.created_at,pq1_0.error_message,pq1_0.extracted_data,pq1_0.file_path,pq1_0.needs_approval,pq1_0.password,pq1_0.result_id,pq1_0.status,pq1_0.updated_at,pq1_0.username from processing_queue pq1_0 where pq1_0.status=? order by pq1_0.created_at
Hibernate: select pq1_0.job_id,pq1_0.action_name,pq1_0.confidence_score,pq1_0.content_type,pq1_0.context_data,pq1_0.created_at,pq1_0.error_message,pq1_0.extracted_data,pq1_0.file_path,pq1_0.needs_approval,pq1_0.password,pq1_0.result_id,pq1_0.status,pq1_0.updated_at,pq1_0.username from processing_queue pq1_0 where pq1_0.status=? order by pq1_0.created_at
Hibernate: select pq1_0.job_id,pq1_0.action_name,pq1_0.confidence_score,pq1_0.content_type,pq1_0.context_data,pq1_0.created_at,pq1_0.error_message,pq1_0.extracted_data,pq1_0.file_path,pq1_0.needs_approval,pq1_0.password,pq1_0.result_id,pq1_0.status,pq1_0.updated_at,pq1_0.username from processing_queue pq1_0 where pq1_0.status=? order by pq1_0.created_at
Hibernate: select pq1_0.job_id,pq1_0.action_name,pq1_0.confidence_score,pq1_0.content_type,pq1_0.context_data,pq1_0.created_at,pq1_0.error_message,pq1_0.extracted_data,pq1_0.file_path,pq1_0.needs_approval,pq1_0.password,pq1_0.result_id,pq1_0.status,pq1_0.updated_at,pq1_0.username from processing_queue pq1_0 where pq1_0.status=? order by pq1_0.created_at
Hibernate: select pq1_0.job_id,pq1_0.action_name,pq1_0.confidence_score,pq1_0.content_type,pq1_0.context_data,pq1_0.created_at,pq1_0.error_message,pq1_0.extracted_data,pq1_0.file_path,pq1_0.needs_approval,pq1_0.password,pq1_0.result_id,pq1_0.status,pq1_0.updated_at,pq1_0.username from processing_queue pq1_0 where pq1_0.status=? order by pq1_0.created_at
Hibernate: select pq1_0.job_id,pq1_0.action_name,pq1_0.confidence_score,pq1_0.content_type,pq1_0.context_data,pq1_0.created_at,pq1_0.error_message,pq1_0.extracted_data,pq1_0.file_path,pq1_0.needs_approval,pq1_0.password,pq1_0.result_id,pq1_0.status,pq1_0.updated_at,pq1_0.username from processing_queue pq1_0 where pq1_0.status=? order by pq1_0.created_at
Hibernate: select pq1_0.job_id,pq1_0.action_name,pq1_0.confidence_score,pq1_0.content_type,pq1_0.context_data,pq1_0.created_at,pq1_0.error_message,pq1_0.extracted_data,pq1_0.file_path,pq1_0.needs_approval,pq1_0.password,pq1_0.result_id,pq1_0.status,pq1_0.updated_at,pq1_0.username from processing_queue pq1_0 where pq1_0.status=? order by pq1_0.created_at
Hibernate: select pq1_0.job_id,pq1_0.action_name,pq1_0.confidence_score,pq1_0.content_type,pq1_0.context_data,pq1_0.created_at,pq1_0.error_message,pq1_0.extracted_data,pq1_0.file_path,pq1_0.needs_approval,pq1_0.password,pq1_0.result_id,pq1_0.status,pq1_0.updated_at,pq1_0.username from processing_queue pq1_0 where pq1_0.status=? order by pq1_0.created_at
2026-02-12T18:37:37.691Z  INFO 172841 --- [ailytics] [nio-8081-exec-1] o.a.c.c.C.[Tomcat].[localhost].[/]       : Initializing Spring DispatcherServlet 'dispatcherServlet'
2026-02-12T18:37:37.692Z  INFO 172841 --- [ailytics] [nio-8081-exec-1] o.s.web.servlet.DispatcherServlet        : Initializing Servlet 'dispatcherServlet'
2026-02-12T18:37:37.693Z  INFO 172841 --- [ailytics] [nio-8081-exec-1] o.s.web.servlet.DispatcherServlet        : Completed initialization in 1 ms
Hibernate: select pq1_0.job_id,pq1_0.action_name,pq1_0.confidence_score,pq1_0.content_type,pq1_0.context_data,pq1_0.created_at,pq1_0.error_message,pq1_0.extracted_data,pq1_0.file_path,pq1_0.needs_approval,pq1_0.password,pq1_0.result_id,pq1_0.status,pq1_0.updated_at,pq1_0.username from processing_queue pq1_0 order by pq1_0.created_at desc
Hibernate: select au1_0.id,au1_0.password,au1_0.role,au1_0.username from app_user au1_0 where au1_0.role=?
Hibernate: select pq1_0.job_id,pq1_0.action_name,pq1_0.confidence_score,pq1_0.content_type,pq1_0.context_data,pq1_0.created_at,pq1_0.error_message,pq1_0.extracted_data,pq1_0.file_path,pq1_0.needs_approval,pq1_0.password,pq1_0.result_id,pq1_0.status,pq1_0.updated_at,pq1_0.username from processing_queue pq1_0 where pq1_0.status=? order by pq1_0.created_at
Hibernate: select pq1_0.job_id,pq1_0.action_name,pq1_0.confidence_score,pq1_0.content_type,pq1_0.context_data,pq1_0.created_at,pq1_0.error_message,pq1_0.extracted_data,pq1_0.file_path,pq1_0.needs_approval,pq1_0.password,pq1_0.result_id,pq1_0.status,pq1_0.updated_at,pq1_0.username from processing_queue pq1_0 where pq1_0.status=? order by pq1_0.created_at
Hibernate: select pq1_0.job_id,pq1_0.action_name,pq1_0.confidence_score,pq1_0.content_type,pq1_0.context_data,pq1_0.created_at,pq1_0.error_message,pq1_0.extracted_data,pq1_0.file_path,pq1_0.needs_approval,pq1_0.password,pq1_0.result_id,pq1_0.status,pq1_0.updated_at,pq1_0.username from processing_queue pq1_0 where pq1_0.status=? order by pq1_0.created_at
Hibernate: select pq1_0.job_id,pq1_0.action_name,pq1_0.confidence_score,pq1_0.content_type,pq1_0.context_data,pq1_0.created_at,pq1_0.error_message,pq1_0.extracted_data,pq1_0.file_path,pq1_0.needs_approval,pq1_0.password,pq1_0.result_id,pq1_0.status,pq1_0.updated_at,pq1_0.username from processing_queue pq1_0 where pq1_0.status=? order by pq1_0.created_at
Hibernate: select pq1_0.job_id,pq1_0.action_name,pq1_0.confidence_score,pq1_0.content_type,pq1_0.context_data,pq1_0.created_at,pq1_0.error_message,pq1_0.extracted_data,pq1_0.file_path,pq1_0.needs_approval,pq1_0.password,pq1_0.result_id,pq1_0.status,pq1_0.updated_at,pq1_0.username from processing_queue pq1_0 where pq1_0.status=? order by pq1_0.created_at
Hibernate: select pq1_0.job_id,pq1_0.action_name,pq1_0.confidence_score,pq1_0.content_type,pq1_0.context_data,pq1_0.created_at,pq1_0.error_message,pq1_0.extracted_data,pq1_0.file_path,pq1_0.needs_approval,pq1_0.password,pq1_0.result_id,pq1_0.status,pq1_0.updated_at,pq1_0.username from processing_queue pq1_0 where pq1_0.status=? order by pq1_0.created_at
Hibernate: select pq1_0.job_id,pq1_0.action_name,pq1_0.confidence_score,pq1_0.content_type,pq1_0.context_data,pq1_0.created_at,pq1_0.error_message,pq1_0.extracted_data,pq1_0.file_path,pq1_0.needs_approval,pq1_0.password,pq1_0.result_id,pq1_0.status,pq1_0.updated_at,pq1_0.username from processing_queue pq1_0 where pq1_0.status=? order by pq1_0.created_at
Hibernate: select pq1_0.job_id,pq1_0.action_name,pq1_0.confidence_score,pq1_0.content_type,pq1_0.context_data,pq1_0.created_at,pq1_0.error_message,pq1_0.extracted_data,pq1_0.file_path,pq1_0.needs_approval,pq1_0.password,pq1_0.result_id,pq1_0.status,pq1_0.updated_at,pq1_0.username from processing_queue pq1_0 where pq1_0.status=? order by pq1_0.created_at
2026-02-12T18:38:17.003Z  INFO 172841 --- [ailytics] [nio-8081-exec-9] o.apache.coyote.http11.Http11Processor   : Error parsing HTTP request header
 Note: further occurrences of HTTP request parsing errors will be logged at DEBUG level.

java.lang.IllegalArgumentException: Invalid character found in method name [0x160x030x010x050xe50x010x000x050xe10x030x030x9c60x020xab0x090xde0xe40xff0xadq0x1e0x120xe40xb50x94]-0x870x920x1a!0x9490xdc0x840xa5')0x8fQ0x980xc9 ]. HTTP method names must be tokens
	at org.apache.coyote.http11.Http11InputBuffer.parseRequestLine(Http11InputBuffer.java:406) ~[tomcat-embed-core-10.1.34.jar:10.1.34]
	at org.apache.coyote.http11.Http11Processor.service(Http11Processor.java:270) ~[tomcat-embed-core-10.1.34.jar:10.1.34]
	at org.apache.coyote.AbstractProcessorLight.process(AbstractProcessorLight.java:63) ~[tomcat-embed-core-10.1.34.jar:10.1.34]
	at org.apache.coyote.AbstractProtocol$ConnectionHandler.process(AbstractProtocol.java:905) ~[tomcat-embed-core-10.1.34.jar:10.1.34]
	at org.apache.tomcat.util.net.NioEndpoint$SocketProcessor.doRun(NioEndpoint.java:1741) ~[tomcat-embed-core-10.1.34.jar:10.1.34]
	at org.apache.tomcat.util.net.SocketProcessorBase.run(SocketProcessorBase.java:52) ~[tomcat-embed-core-10.1.34.jar:10.1.34]
	at org.apache.tomcat.util.threads.ThreadPoolExecutor.runWorker(ThreadPoolExecutor.java:1190) ~[tomcat-embed-core-10.1.34.jar:10.1.34]
	at org.apache.tomcat.util.threads.ThreadPoolExecutor$Worker.run(ThreadPoolExecutor.java:659) ~[tomcat-embed-core-10.1.34.jar:10.1.34]
	at org.apache.tomcat.util.threads.TaskThread$WrappingRunnable.run(TaskThread.java:63) ~[tomcat-embed-core-10.1.34.jar:10.1.34]
	at java.base/java.lang.Thread.run(Thread.java:1583) ~[na:na]

Hibernate: select pq1_0.job_id,pq1_0.action_name,pq1_0.confidence_score,pq1_0.content_type,pq1_0.context_data,pq1_0.created_at,pq1_0.error_message,pq1_0.extracted_data,pq1_0.file_path,pq1_0.needs_approval,pq1_0.password,pq1_0.result_id,pq1_0.status,pq1_0.updated_at,pq1_0.username from processing_queue pq1_0 where pq1_0.status=? order by pq1_0.created_at
Hibernate: select pq1_0.job_id,pq1_0.action_name,pq1_0.confidence_score,pq1_0.content_type,pq1_0.context_data,pq1_0.created_at,pq1_0.error_message,pq1_0.extracted_data,pq1_0.file_path,pq1_0.needs_approval,pq1_0.password,pq1_0.result_id,pq1_0.status,pq1_0.updated_at,pq1_0.username from processing_queue pq1_0 where pq1_0.status=? order by pq1_0.created_at
Hibernate: select pq1_0.job_id,pq1_0.action_name,pq1_0.confidence_score,pq1_0.content_type,pq1_0.context_data,pq1_0.created_at,pq1_0.error_message,pq1_0.extracted_data,pq1_0.file_path,pq1_0.needs_approval,pq1_0.password,pq1_0.result_id,pq1_0.status,pq1_0.updated_at,pq1_0.username from processing_queue pq1_0 where pq1_0.status=? order by pq1_0.created_at
Hibernate: select pq1_0.job_id,pq1_0.action_name,pq1_0.confidence_score,pq1_0.content_type,pq1_0.context_data,pq1_0.created_at,pq1_0.error_message,pq1_0.extracted_data,pq1_0.file_path,pq1_0.needs_approval,pq1_0.password,pq1_0.result_id,pq1_0.status,pq1_0.updated_at,pq1_0.username from processing_queue pq1_0 where pq1_0.status=? order by pq1_0.created_at
Hibernate: select pq1_0.job_id,pq1_0.action_name,pq1_0.confidence_score,pq1_0.content_type,pq1_0.context_data,pq1_0.created_at,pq1_0.error_message,pq1_0.extracted_data,pq1_0.file_path,pq1_0.needs_approval,pq1_0.password,pq1_0.result_id,pq1_0.status,pq1_0.updated_at,pq1_0.username from processing_queue pq1_0 where pq1_0.status=? order by pq1_0.created_at
Hibernate: select pq1_0.job_id,pq1_0.action_name,pq1_0.confidence_score,pq1_0.content_type,pq1_0.context_data,pq1_0.created_at,pq1_0.error_message,pq1_0.extracted_data,pq1_0.file_path,pq1_0.needs_approval,pq1_0.password,pq1_0.result_id,pq1_0.status,pq1_0.updated_at,pq1_0.username from processing_queue pq1_0 where pq1_0.status=? order by pq1_0.created_at
Hibernate: select pq1_0.job_id,pq1_0.action_name,pq1_0.confidence_score,pq1_0.content_type,pq1_0.context_data,pq1_0.created_at,pq1_0.error_message,pq1_0.extracted_data,pq1_0.file_path,pq1_0.needs_approval,pq1_0.password,pq1_0.result_id,pq1_0.status,pq1_0.updated_at,pq1_0.username from processing_queue pq1_0 where pq1_0.status=? order by pq1_0.created_at
Hibernate: select pq1_0.job_id,pq1_0.action_name,pq1_0.confidence_score,pq1_0.content_type,pq1_0.context_data,pq1_0.created_at,pq1_0.error_message,pq1_0.extracted_data,pq1_0.file_path,pq1_0.needs_approval,pq1_0.password,pq1_0.result_id,pq1_0.status,pq1_0.updated_at,pq1_0.username from processing_queue pq1_0 where pq1_0.status=? order by pq1_0.created_at
Hibernate: select pq1_0.job_id,pq1_0.action_name,pq1_0.confidence_score,pq1_0.content_type,pq1_0.context_data,pq1_0.created_at,pq1_0.error_message,pq1_0.extracted_data,pq1_0.file_path,pq1_0.needs_approval,pq1_0.password,pq1_0.result_id,pq1_0.status,pq1_0.updated_at,pq1_0.username from processing_queue pq1_0 where pq1_0.status=? order by pq1_0.created_at
Hibernate: select pq1_0.job_id,pq1_0.action_name,pq1_0.confidence_score,pq1_0.content_type,pq1_0.context_data,pq1_0.created_at,pq1_0.error_message,pq1_0.extracted_data,pq1_0.file_path,pq1_0.needs_approval,pq1_0.password,pq1_0.result_id,pq1_0.status,pq1_0.updated_at,pq1_0.username from processing_queue pq1_0 where pq1_0.status=? order by pq1_0.created_at
Hibernate: select pq1_0.job_id,pq1_0.action_name,pq1_0.confidence_score,pq1_0.content_type,pq1_0.context_data,pq1_0.created_at,pq1_0.error_message,pq1_0.extracted_data,pq1_0.file_path,pq1_0.needs_approval,pq1_0.password,pq1_0.result_id,pq1_0.status,pq1_0.updated_at,pq1_0.username from processing_queue pq1_0 where pq1_0.status=? order by pq1_0.created_at
Hibernate: select pq1_0.job_id,pq1_0.action_name,pq1_0.confidence_score,pq1_0.content_type,pq1_0.context_data,pq1_0.created_at,pq1_0.error_message,pq1_0.extracted_data,pq1_0.file_path,pq1_0.needs_approval,pq1_0.password,pq1_0.result_id,pq1_0.status,pq1_0.updated_at,pq1_0.username from processing_queue pq1_0 where pq1_0.status=? order by pq1_0.created_at
Hibernate: select pq1_0.job_id,pq1_0.action_name,pq1_0.confidence_score,pq1_0.content_type,pq1_0.context_data,pq1_0.created_at,pq1_0.error_message,pq1_0.extracted_data,pq1_0.file_path,pq1_0.needs_approval,pq1_0.password,pq1_0.result_id,pq1_0.status,pq1_0.updated_at,pq1_0.username from processing_queue pq1_0 where pq1_0.status=? order by pq1_0.created_at
Hibernate: select pq1_0.job_id,pq1_0.action_name,pq1_0.confidence_score,pq1_0.content_type,pq1_0.context_data,pq1_0.created_at,pq1_0.error_message,pq1_0.extracted_data,pq1_0.file_path,pq1_0.needs_approval,pq1_0.password,pq1_0.result_id,pq1_0.status,pq1_0.updated_at,pq1_0.username from processing_queue pq1_0 where pq1_0.status=? order by pq1_0.created_at
Hibernate: select pq1_0.job_id,pq1_0.action_name,pq1_0.confidence_score,pq1_0.content_type,pq1_0.context_data,pq1_0.created_at,pq1_0.error_message,pq1_0.extracted_data,pq1_0.file_path,pq1_0.needs_approval,pq1_0.password,pq1_0.result_id,pq1_0.status,pq1_0.updated_at,pq1_0.username from processing_queue pq1_0 where pq1_0.status=? order by pq1_0.created_at
Hibernate: select pq1_0.job_id,pq1_0.action_name,pq1_0.confidence_score,pq1_0.content_type,pq1_0.context_data,pq1_0.created_at,pq1_0.error_message,pq1_0.extracted_data,pq1_0.file_path,pq1_0.needs_approval,pq1_0.password,pq1_0.result_id,pq1_0.status,pq1_0.updated_at,pq1_0.username from processing_queue pq1_0 where pq1_0.status=? order by pq1_0.created_at
Hibernate: select pq1_0.job_id,pq1_0.action_name,pq1_0.confidence_score,pq1_0.content_type,pq1_0.context_data,pq1_0.created_at,pq1_0.error_message,pq1_0.extracted_data,pq1_0.file_path,pq1_0.needs_approval,pq1_0.password,pq1_0.result_id,pq1_0.status,pq1_0.updated_at,pq1_0.username from processing_queue pq1_0 where pq1_0.status=? order by pq1_0.created_at
Hibernate: select pq1_0.job_id,pq1_0.action_name,pq1_0.confidence_score,pq1_0.content_type,pq1_0.context_data,pq1_0.created_at,pq1_0.error_message,pq1_0.extracted_data,pq1_0.file_path,pq1_0.needs_approval,pq1_0.password,pq1_0.result_id,pq1_0.status,pq1_0.updated_at,pq1_0.username from processing_queue pq1_0 where pq1_0.status=? order by pq1_0.created_at
Hibernate: select pq1_0.job_id,pq1_0.action_name,pq1_0.confidence_score,pq1_0.content_type,pq1_0.context_data,pq1_0.created_at,pq1_0.error_message,pq1_0.extracted_data,pq1_0.file_path,pq1_0.needs_approval,pq1_0.password,pq1_0.result_id,pq1_0.status,pq1_0.updated_at,pq1_0.username from processing_queue pq1_0 where pq1_0.status=? order by pq1_0.created_at
Hibernate: select pq1_0.job_id,pq1_0.action_name,pq1_0.confidence_score,pq1_0.content_type,pq1_0.context_data,pq1_0.created_at,pq1_0.error_message,pq1_0.extracted_data,pq1_0.file_path,pq1_0.needs_approval,pq1_0.password,pq1_0.result_id,pq1_0.status,pq1_0.updated_at,pq1_0.username from processing_queue pq1_0 where pq1_0.status=? order by pq1_0.created_at
Hibernate: select pq1_0.job_id,pq1_0.action_name,pq1_0.confidence_score,pq1_0.content_type,pq1_0.context_data,pq1_0.created_at,pq1_0.error_message,pq1_0.extracted_data,pq1_0.file_path,pq1_0.needs_approval,pq1_0.password,pq1_0.result_id,pq1_0.status,pq1_0.updated_at,pq1_0.username from processing_queue pq1_0 where pq1_0.status=? order by pq1_0.created_at
Hibernate: select pq1_0.job_id,pq1_0.action_name,pq1_0.confidence_score,pq1_0.content_type,pq1_0.context_data,pq1_0.created_at,pq1_0.error_message,pq1_0.extracted_data,pq1_0.file_path,pq1_0.needs_approval,pq1_0.password,pq1_0.result_id,pq1_0.status,pq1_0.updated_at,pq1_0.username from processing_queue pq1_0 where pq1_0.status=? order by pq1_0.created_at
Hibernate: select pq1_0.job_id,pq1_0.action_name,pq1_0.confidence_score,pq1_0.content_type,pq1_0.context_data,pq1_0.created_at,pq1_0.error_message,pq1_0.extracted_data,pq1_0.file_path,pq1_0.needs_approval,pq1_0.password,pq1_0.result_id,pq1_0.status,pq1_0.updated_at,pq1_0.username from processing_queue pq1_0 where pq1_0.status=? order by pq1_0.created_at
Hibernate: select pq1_0.job_id,pq1_0.action_name,pq1_0.confidence_score,pq1_0.content_type,pq1_0.context_data,pq1_0.created_at,pq1_0.error_message,pq1_0.extracted_data,pq1_0.file_path,pq1_0.needs_approval,pq1_0.password,pq1_0.result_id,pq1_0.status,pq1_0.updated_at,pq1_0.username from processing_queue pq1_0 where pq1_0.status=? order by pq1_0.created_at
Hibernate: select pq1_0.job_id,pq1_0.action_name,pq1_0.confidence_score,pq1_0.content_type,pq1_0.context_data,pq1_0.created_at,pq1_0.error_message,pq1_0.extracted_data,pq1_0.file_path,pq1_0.needs_approval,pq1_0.password,pq1_0.result_id,pq1_0.status,pq1_0.updated_at,pq1_0.username from processing_queue pq1_0 where pq1_0.status=? order by pq1_0.created_at
Hibernate: select pq1_0.job_id,pq1_0.action_name,pq1_0.confidence_score,pq1_0.content_type,pq1_0.context_data,pq1_0.created_at,pq1_0.error_message,pq1_0.extracted_data,pq1_0.file_path,pq1_0.needs_approval,pq1_0.password,pq1_0.result_id,pq1_0.status,pq1_0.updated_at,pq1_0.username from processing_queue pq1_0 where pq1_0.status=? order by pq1_0.created_at
Hibernate: select pq1_0.job_id,pq1_0.action_name,pq1_0.confidence_score,pq1_0.content_type,pq1_0.context_data,pq1_0.created_at,pq1_0.error_message,pq1_0.extracted_data,pq1_0.file_path,pq1_0.needs_approval,pq1_0.password,pq1_0.result_id,pq1_0.status,pq1_0.updated_at,pq1_0.username from processing_queue pq1_0 where pq1_0.status=? order by pq1_0.created_at
Hibernate: select pq1_0.job_id,pq1_0.action_name,pq1_0.confidence_score,pq1_0.content_type,pq1_0.context_data,pq1_0.created_at,pq1_0.error_message,pq1_0.extracted_data,pq1_0.file_path,pq1_0.needs_approval,pq1_0.password,pq1_0.result_id,pq1_0.status,pq1_0.updated_at,pq1_0.username from processing_queue pq1_0 where pq1_0.status=? order by pq1_0.created_at
Hibernate: select pq1_0.job_id,pq1_0.action_name,pq1_0.confidence_score,pq1_0.content_type,pq1_0.context_data,pq1_0.created_at,pq1_0.error_message,pq1_0.extracted_data,pq1_0.file_path,pq1_0.needs_approval,pq1_0.password,pq1_0.result_id,pq1_0.status,pq1_0.updated_at,pq1_0.username from processing_queue pq1_0 where pq1_0.status=? order by pq1_0.created_at
Hibernate: select pq1_0.job_id,pq1_0.action_name,pq1_0.confidence_score,pq1_0.content_type,pq1_0.context_data,pq1_0.created_at,pq1_0.error_message,pq1_0.extracted_data,pq1_0.file_path,pq1_0.needs_approval,pq1_0.password,pq1_0.result_id,pq1_0.status,pq1_0.updated_at,pq1_0.username from processing_queue pq1_0 where pq1_0.status=? order by pq1_0.created_at
Hibernate: select pq1_0.job_id,pq1_0.action_name,pq1_0.confidence_score,pq1_0.content_type,pq1_0.context_data,pq1_0.created_at,pq1_0.error_message,pq1_0.extracted_data,pq1_0.file_path,pq1_0.needs_approval,pq1_0.password,pq1_0.result_id,pq1_0.status,pq1_0.updated_at,pq1_0.username from processing_queue pq1_0 where pq1_0.status=? order by pq1_0.created_at
Hibernate: select pq1_0.job_id,pq1_0.action_name,pq1_0.confidence_score,pq1_0.content_type,pq1_0.context_data,pq1_0.created_at,pq1_0.error_message,pq1_0.extracted_data,pq1_0.file_path,pq1_0.needs_approval,pq1_0.password,pq1_0.result_id,pq1_0.status,pq1_0.updated_at,pq1_0.username from processing_queue pq1_0 where pq1_0.status=? order by pq1_0.created_at
Hibernate: select pq1_0.job_id,pq1_0.action_name,pq1_0.confidence_score,pq1_0.content_type,pq1_0.context_data,pq1_0.created_at,pq1_0.error_message,pq1_0.extracted_data,pq1_0.file_path,pq1_0.needs_approval,pq1_0.password,pq1_0.result_id,pq1_0.status,pq1_0.updated_at,pq1_0.username from processing_queue pq1_0 where pq1_0.status=? order by pq1_0.created_at
Hibernate: select pq1_0.job_id,pq1_0.action_name,pq1_0.confidence_score,pq1_0.content_type,pq1_0.context_data,pq1_0.created_at,pq1_0.error_message,pq1_0.extracted_data,pq1_0.file_path,pq1_0.needs_approval,pq1_0.password,pq1_0.result_id,pq1_0.status,pq1_0.updated_at,pq1_0.username from processing_queue pq1_0 where pq1_0.status=? order by pq1_0.created_at
Hibernate: select pq1_0.job_id,pq1_0.action_name,pq1_0.confidence_score,pq1_0.content_type,pq1_0.context_data,pq1_0.created_at,pq1_0.error_message,pq1_0.extracted_data,pq1_0.file_path,pq1_0.needs_approval,pq1_0.password,pq1_0.result_id,pq1_0.status,pq1_0.updated_at,pq1_0.username from processing_queue pq1_0 where pq1_0.status=? order by pq1_0.created_at
Hibernate: select pq1_0.job_id,pq1_0.action_name,pq1_0.confidence_score,pq1_0.content_type,pq1_0.context_data,pq1_0.created_at,pq1_0.error_message,pq1_0.extracted_data,pq1_0.file_path,pq1_0.needs_approval,pq1_0.password,pq1_0.result_id,pq1_0.status,pq1_0.updated_at,pq1_0.username from processing_queue pq1_0 where pq1_0.status=? order by pq1_0.created_at
Hibernate: select pq1_0.job_id,pq1_0.action_name,pq1_0.confidence_score,pq1_0.content_type,pq1_0.context_data,pq1_0.created_at,pq1_0.error_message,pq1_0.extracted_data,pq1_0.file_path,pq1_0.needs_approval,pq1_0.password,pq1_0.result_id,pq1_0.status,pq1_0.updated_at,pq1_0.username from processing_queue pq1_0 where pq1_0.status=? order by pq1_0.created_at
Hibernate: select pq1_0.job_id,pq1_0.action_name,pq1_0.confidence_score,pq1_0.content_type,pq1_0.context_data,pq1_0.created_at,pq1_0.error_message,pq1_0.extracted_data,pq1_0.file_path,pq1_0.needs_approval,pq1_0.password,pq1_0.result_id,pq1_0.status,pq1_0.updated_at,pq1_0.username from processing_queue pq1_0 where pq1_0.status=? order by pq1_0.created_at
Hibernate: select pq1_0.job_id,pq1_0.action_name,pq1_0.confidence_score,pq1_0.content_type,pq1_0.context_data,pq1_0.created_at,pq1_0.error_message,pq1_0.extracted_data,pq1_0.file_path,pq1_0.needs_approval,pq1_0.password,pq1_0.result_id,pq1_0.status,pq1_0.updated_at,pq1_0.username from processing_queue pq1_0 where pq1_0.status=? order by pq1_0.created_at
Hibernate: select pq1_0.job_id,pq1_0.action_name,pq1_0.confidence_score,pq1_0.content_type,pq1_0.context_data,pq1_0.created_at,pq1_0.error_message,pq1_0.extracted_data,pq1_0.file_path,pq1_0.needs_approval,pq1_0.password,pq1_0.result_id,pq1_0.status,pq1_0.updated_at,pq1_0.username from processing_queue pq1_0 where pq1_0.status=? order by pq1_0.created_at
Hibernate: select pq1_0.job_id,pq1_0.action_name,pq1_0.confidence_score,pq1_0.content_type,pq1_0.context_data,pq1_0.created_at,pq1_0.error_message,pq1_0.extracted_data,pq1_0.file_path,pq1_0.needs_approval,pq1_0.password,pq1_0.result_id,pq1_0.status,pq1_0.updated_at,pq1_0.username from processing_queue pq1_0 where pq1_0.status=? order by pq1_0.created_at
Hibernate: select pq1_0.job_id,pq1_0.action_name,pq1_0.confidence_score,pq1_0.content_type,pq1_0.context_data,pq1_0.created_at,pq1_0.error_message,pq1_0.extracted_data,pq1_0.file_path,pq1_0.needs_approval,pq1_0.password,pq1_0.result_id,pq1_0.status,pq1_0.updated_at,pq1_0.username from processing_queue pq1_0 where pq1_0.status=? order by pq1_0.created_at
Hibernate: select pq1_0.job_id,pq1_0.action_name,pq1_0.confidence_score,pq1_0.content_type,pq1_0.context_data,pq1_0.created_at,pq1_0.error_message,pq1_0.extracted_data,pq1_0.file_path,pq1_0.needs_approval,pq1_0.password,pq1_0.result_id,pq1_0.status,pq1_0.updated_at,pq1_0.username from processing_queue pq1_0 where pq1_0.status=? order by pq1_0.created_at
Hibernate: select pq1_0.job_id,pq1_0.action_name,pq1_0.confidence_score,pq1_0.content_type,pq1_0.context_data,pq1_0.created_at,pq1_0.error_message,pq1_0.extracted_data,pq1_0.file_path,pq1_0.needs_approval,pq1_0.password,pq1_0.result_id,pq1_0.status,pq1_0.updated_at,pq1_0.username from processing_queue pq1_0 where pq1_0.status=? order by pq1_0.created_at
Hibernate: select pq1_0.job_id,pq1_0.action_name,pq1_0.confidence_score,pq1_0.content_type,pq1_0.context_data,pq1_0.created_at,pq1_0.error_message,pq1_0.extracted_data,pq1_0.file_path,pq1_0.needs_approval,pq1_0.password,pq1_0.result_id,pq1_0.status,pq1_0.updated_at,pq1_0.username from processing_queue pq1_0 where pq1_0.status=? order by pq1_0.created_at
Hibernate: select pq1_0.job_id,pq1_0.action_name,pq1_0.confidence_score,pq1_0.content_type,pq1_0.context_data,pq1_0.created_at,pq1_0.error_message,pq1_0.extracted_data,pq1_0.file_path,pq1_0.needs_approval,pq1_0.password,pq1_0.result_id,pq1_0.status,pq1_0.updated_at,pq1_0.username from processing_queue pq1_0 where pq1_0.status=? order by pq1_0.created_at
Hibernate: select pq1_0.job_id,pq1_0.action_name,pq1_0.confidence_score,pq1_0.content_type,pq1_0.context_data,pq1_0.created_at,pq1_0.error_message,pq1_0.extracted_data,pq1_0.file_path,pq1_0.needs_approval,pq1_0.password,pq1_0.result_id,pq1_0.status,pq1_0.updated_at,pq1_0.username from processing_queue pq1_0 where pq1_0.status=? order by pq1_0.created_at
Hibernate: select pq1_0.job_id,pq1_0.action_name,pq1_0.confidence_score,pq1_0.content_type,pq1_0.context_data,pq1_0.created_at,pq1_0.error_message,pq1_0.extracted_data,pq1_0.file_path,pq1_0.needs_approval,pq1_0.password,pq1_0.result_id,pq1_0.status,pq1_0.updated_at,pq1_0.username from processing_queue pq1_0 where pq1_0.status=? order by pq1_0.created_at
Hibernate: select pq1_0.job_id,pq1_0.action_name,pq1_0.confidence_score,pq1_0.content_type,pq1_0.context_data,pq1_0.created_at,pq1_0.error_message,pq1_0.extracted_data,pq1_0.file_path,pq1_0.needs_approval,pq1_0.password,pq1_0.result_id,pq1_0.status,pq1_0.updated_at,pq1_0.username from processing_queue pq1_0 where pq1_0.status=? order by pq1_0.created_at
Hibernate: select pq1_0.job_id,pq1_0.action_name,pq1_0.confidence_score,pq1_0.content_type,pq1_0.context_data,pq1_0.created_at,pq1_0.error_message,pq1_0.extracted_data,pq1_0.file_path,pq1_0.needs_approval,pq1_0.password,pq1_0.result_id,pq1_0.status,pq1_0.updated_at,pq1_0.username from processing_queue pq1_0 where pq1_0.status=? order by pq1_0.created_at
Hibernate: select pq1_0.job_id,pq1_0.action_name,pq1_0.confidence_score,pq1_0.content_type,pq1_0.context_data,pq1_0.created_at,pq1_0.error_message,pq1_0.extracted_data,pq1_0.file_path,pq1_0.needs_approval,pq1_0.password,pq1_0.result_id,pq1_0.status,pq1_0.updated_at,pq1_0.username from processing_queue pq1_0 where pq1_0.status=? order by pq1_0.created_at
Hibernate: select pq1_0.job_id,pq1_0.action_name,pq1_0.confidence_score,pq1_0.content_type,pq1_0.context_data,pq1_0.created_at,pq1_0.error_message,pq1_0.extracted_data,pq1_0.file_path,pq1_0.needs_approval,pq1_0.password,pq1_0.result_id,pq1_0.status,pq1_0.updated_at,pq1_0.username from processing_queue pq1_0 where pq1_0.status=? order by pq1_0.created_at
Hibernate: select pq1_0.job_id,pq1_0.action_name,pq1_0.confidence_score,pq1_0.content_type,pq1_0.context_data,pq1_0.created_at,pq1_0.error_message,pq1_0.extracted_data,pq1_0.file_path,pq1_0.needs_approval,pq1_0.password,pq1_0.result_id,pq1_0.status,pq1_0.updated_at,pq1_0.username from processing_queue pq1_0 where pq1_0.status=? order by pq1_0.created_at
Hibernate: select pq1_0.job_id,pq1_0.action_name,pq1_0.confidence_score,pq1_0.content_type,pq1_0.context_data,pq1_0.created_at,pq1_0.error_message,pq1_0.extracted_data,pq1_0.file_path,pq1_0.needs_approval,pq1_0.password,pq1_0.result_id,pq1_0.status,pq1_0.updated_at,pq1_0.username from processing_queue pq1_0 where pq1_0.status=? order by pq1_0.created_at
Hibernate: select pq1_0.job_id,pq1_0.action_name,pq1_0.confidence_score,pq1_0.content_type,pq1_0.context_data,pq1_0.created_at,pq1_0.error_message,pq1_0.extracted_data,pq1_0.file_path,pq1_0.needs_approval,pq1_0.password,pq1_0.result_id,pq1_0.status,pq1_0.updated_at,pq1_0.username from processing_queue pq1_0 where pq1_0.status=? order by pq1_0.created_at
Hibernate: select pq1_0.job_id,pq1_0.action_name,pq1_0.confidence_score,pq1_0.content_type,pq1_0.context_data,pq1_0.created_at,pq1_0.error_message,pq1_0.extracted_data,pq1_0.file_path,pq1_0.needs_approval,pq1_0.password,pq1_0.result_id,pq1_0.status,pq1_0.updated_at,pq1_0.username from processing_queue pq1_0 where pq1_0.status=? order by pq1_0.created_at
Hibernate: select pq1_0.job_id,pq1_0.action_name,pq1_0.confidence_score,pq1_0.content_type,pq1_0.context_data,pq1_0.created_at,pq1_0.error_message,pq1_0.extracted_data,pq1_0.file_path,pq1_0.needs_approval,pq1_0.password,pq1_0.result_id,pq1_0.status,pq1_0.updated_at,pq1_0.username from processing_queue pq1_0 where pq1_0.status=? order by pq1_0.created_at
Hibernate: select pq1_0.job_id,pq1_0.action_name,pq1_0.confidence_score,pq1_0.content_type,pq1_0.context_data,pq1_0.created_at,pq1_0.error_message,pq1_0.extracted_data,pq1_0.file_path,pq1_0.needs_approval,pq1_0.password,pq1_0.result_id,pq1_0.status,pq1_0.updated_at,pq1_0.username from processing_queue pq1_0 where pq1_0.status=? order by pq1_0.created_at
Hibernate: select pq1_0.job_id,pq1_0.action_name,pq1_0.confidence_score,pq1_0.content_type,pq1_0.context_data,pq1_0.created_at,pq1_0.error_message,pq1_0.extracted_data,pq1_0.file_path,pq1_0.needs_approval,pq1_0.password,pq1_0.result_id,pq1_0.status,pq1_0.updated_at,pq1_0.username from processing_queue pq1_0 where pq1_0.status=? order by pq1_0.created_at
Hibernate: select pq1_0.job_id,pq1_0.action_name,pq1_0.confidence_score,pq1_0.content_type,pq1_0.context_data,pq1_0.created_at,pq1_0.error_message,pq1_0.extracted_data,pq1_0.file_path,pq1_0.needs_approval,pq1_0.password,pq1_0.result_id,pq1_0.status,pq1_0.updated_at,pq1_0.username from processing_queue pq1_0 where pq1_0.status=? order by pq1_0.created_at
Hibernate: select pq1_0.job_id,pq1_0.action_name,pq1_0.confidence_score,pq1_0.content_type,pq1_0.context_data,pq1_0.created_at,pq1_0.error_message,pq1_0.extracted_data,pq1_0.file_path,pq1_0.needs_approval,pq1_0.password,pq1_0.result_id,pq1_0.status,pq1_0.updated_at,pq1_0.username from processing_queue pq1_0 where pq1_0.status=? order by pq1_0.created_at
Hibernate: select pq1_0.job_id,pq1_0.action_name,pq1_0.confidence_score,pq1_0.content_type,pq1_0.context_data,pq1_0.created_at,pq1_0.error_message,pq1_0.extracted_data,pq1_0.file_path,pq1_0.needs_approval,pq1_0.password,pq1_0.result_id,pq1_0.status,pq1_0.updated_at,pq1_0.username from processing_queue pq1_0 where pq1_0.status=? order by pq1_0.created_at
Hibernate: select pq1_0.job_id,pq1_0.action_name,pq1_0.confidence_score,pq1_0.content_type,pq1_0.context_data,pq1_0.created_at,pq1_0.error_message,pq1_0.extracted_data,pq1_0.file_path,pq1_0.needs_approval,pq1_0.password,pq1_0.result_id,pq1_0.status,pq1_0.updated_at,pq1_0.username from processing_queue pq1_0 where pq1_0.status=? order by pq1_0.created_at
Hibernate: select pq1_0.job_id,pq1_0.action_name,pq1_0.confidence_score,pq1_0.content_type,pq1_0.context_data,pq1_0.created_at,pq1_0.error_message,pq1_0.extracted_data,pq1_0.file_path,pq1_0.needs_approval,pq1_0.password,pq1_0.result_id,pq1_0.status,pq1_0.updated_at,pq1_0.username from processing_queue pq1_0 where pq1_0.status=? order by pq1_0.created_at
Hibernate: select pq1_0.job_id,pq1_0.action_name,pq1_0.confidence_score,pq1_0.content_type,pq1_0.context_data,pq1_0.created_at,pq1_0.error_message,pq1_0.extracted_data,pq1_0.file_path,pq1_0.needs_approval,pq1_0.password,pq1_0.result_id,pq1_0.status,pq1_0.updated_at,pq1_0.username from processing_queue pq1_0 where pq1_0.status=? order by pq1_0.created_at
Hibernate: select pq1_0.job_id,pq1_0.action_name,pq1_0.confidence_score,pq1_0.content_type,pq1_0.context_data,pq1_0.created_at,pq1_0.error_message,pq1_0.extracted_data,pq1_0.file_path,pq1_0.needs_approval,pq1_0.password,pq1_0.result_id,pq1_0.status,pq1_0.updated_at,pq1_0.username from processing_queue pq1_0 where pq1_0.status=? order by pq1_0.created_at
Hibernate: select pq1_0.job_id,pq1_0.action_name,pq1_0.confidence_score,pq1_0.content_type,pq1_0.context_data,pq1_0.created_at,pq1_0.error_message,pq1_0.extracted_data,pq1_0.file_path,pq1_0.needs_approval,pq1_0.password,pq1_0.result_id,pq1_0.status,pq1_0.updated_at,pq1_0.username from processing_queue pq1_0 where pq1_0.status=? order by pq1_0.created_at
Hibernate: select pq1_0.job_id,pq1_0.action_name,pq1_0.confidence_score,pq1_0.content_type,pq1_0.context_data,pq1_0.created_at,pq1_0.error_message,pq1_0.extracted_data,pq1_0.file_path,pq1_0.needs_approval,pq1_0.password,pq1_0.result_id,pq1_0.status,pq1_0.updated_at,pq1_0.username from processing_queue pq1_0 where pq1_0.status=? order by pq1_0.created_at
Hibernate: select pq1_0.job_id,pq1_0.action_name,pq1_0.confidence_score,pq1_0.content_type,pq1_0.context_data,pq1_0.created_at,pq1_0.error_message,pq1_0.extracted_data,pq1_0.file_path,pq1_0.needs_approval,pq1_0.password,pq1_0.result_id,pq1_0.status,pq1_0.updated_at,pq1_0.username from processing_queue pq1_0 where pq1_0.status=? order by pq1_0.created_at
Hibernate: select pq1_0.job_id,pq1_0.action_name,pq1_0.confidence_score,pq1_0.content_type,pq1_0.context_data,pq1_0.created_at,pq1_0.error_message,pq1_0.extracted_data,pq1_0.file_path,pq1_0.needs_approval,pq1_0.password,pq1_0.result_id,pq1_0.status,pq1_0.updated_at,pq1_0.username from processing_queue pq1_0 where pq1_0.status=? order by pq1_0.created_at
Hibernate: select pq1_0.job_id,pq1_0.action_name,pq1_0.confidence_score,pq1_0.content_type,pq1_0.context_data,pq1_0.created_at,pq1_0.error_message,pq1_0.extracted_data,pq1_0.file_path,pq1_0.needs_approval,pq1_0.password,pq1_0.result_id,pq1_0.status,pq1_0.updated_at,pq1_0.username from processing_queue pq1_0 where pq1_0.status=? order by pq1_0.created_at
Hibernate: select pq1_0.job_id,pq1_0.action_name,pq1_0.confidence_score,pq1_0.content_type,pq1_0.context_data,pq1_0.created_at,pq1_0.error_message,pq1_0.extracted_data,pq1_0.file_path,pq1_0.needs_approval,pq1_0.password,pq1_0.result_id,pq1_0.status,pq1_0.updated_at,pq1_0.username from processing_queue pq1_0 where pq1_0.status=? order by pq1_0.created_at
Hibernate: select pq1_0.job_id,pq1_0.action_name,pq1_0.confidence_score,pq1_0.content_type,pq1_0.context_data,pq1_0.created_at,pq1_0.error_message,pq1_0.extracted_data,pq1_0.file_path,pq1_0.needs_approval,pq1_0.password,pq1_0.result_id,pq1_0.status,pq1_0.updated_at,pq1_0.username from processing_queue pq1_0 where pq1_0.status=? order by pq1_0.created_at
Hibernate: select pq1_0.job_id,pq1_0.action_name,pq1_0.confidence_score,pq1_0.content_type,pq1_0.context_data,pq1_0.created_at,pq1_0.error_message,pq1_0.extracted_data,pq1_0.file_path,pq1_0.needs_approval,pq1_0.password,pq1_0.result_id,pq1_0.status,pq1_0.updated_at,pq1_0.username from processing_queue pq1_0 where pq1_0.status=? order by pq1_0.created_at
Hibernate: select pq1_0.job_id,pq1_0.action_name,pq1_0.confidence_score,pq1_0.content_type,pq1_0.context_data,pq1_0.created_at,pq1_0.error_message,pq1_0.extracted_data,pq1_0.file_path,pq1_0.needs_approval,pq1_0.password,pq1_0.result_id,pq1_0.status,pq1_0.updated_at,pq1_0.username from processing_queue pq1_0 where pq1_0.status=? order by pq1_0.created_at
Hibernate: select pq1_0.job_id,pq1_0.action_name,pq1_0.confidence_score,pq1_0.content_type,pq1_0.context_data,pq1_0.created_at,pq1_0.error_message,pq1_0.extracted_data,pq1_0.file_path,pq1_0.needs_approval,pq1_0.password,pq1_0.result_id,pq1_0.status,pq1_0.updated_at,pq1_0.username from processing_queue pq1_0 where pq1_0.status=? order by pq1_0.created_at
Hibernate: select pq1_0.job_id,pq1_0.action_name,pq1_0.confidence_score,pq1_0.content_type,pq1_0.context_data,pq1_0.created_at,pq1_0.error_message,pq1_0.extracted_data,pq1_0.file_path,pq1_0.needs_approval,pq1_0.password,pq1_0.result_id,pq1_0.status,pq1_0.updated_at,pq1_0.username from processing_queue pq1_0 where pq1_0.status=? order by pq1_0.created_at
Hibernate: select pq1_0.job_id,pq1_0.action_name,pq1_0.confidence_score,pq1_0.content_type,pq1_0.context_data,pq1_0.created_at,pq1_0.error_message,pq1_0.extracted_data,pq1_0.file_path,pq1_0.needs_approval,pq1_0.password,pq1_0.result_id,pq1_0.status,pq1_0.updated_at,pq1_0.username from processing_queue pq1_0 where pq1_0.status=? order by pq1_0.created_at
Hibernate: select pq1_0.job_id,pq1_0.action_name,pq1_0.confidence_score,pq1_0.content_type,pq1_0.context_data,pq1_0.created_at,pq1_0.error_message,pq1_0.extracted_data,pq1_0.file_path,pq1_0.needs_approval,pq1_0.password,pq1_0.result_id,pq1_0.status,pq1_0.updated_at,pq1_0.username from processing_queue pq1_0 where pq1_0.status=? order by pq1_0.created_at
Hibernate: select pq1_0.job_id,pq1_0.action_name,pq1_0.confidence_score,pq1_0.content_type,pq1_0.context_data,pq1_0.created_at,pq1_0.error_message,pq1_0.extracted_data,pq1_0.file_path,pq1_0.needs_approval,pq1_0.password,pq1_0.result_id,pq1_0.status,pq1_0.updated_at,pq1_0.username from processing_queue pq1_0 where pq1_0.status=? order by pq1_0.created_at
Hibernate: select pq1_0.job_id,pq1_0.action_name,pq1_0.confidence_score,pq1_0.content_type,pq1_0.context_data,pq1_0.created_at,pq1_0.error_message,pq1_0.extracted_data,pq1_0.file_path,pq1_0.needs_approval,pq1_0.password,pq1_0.result_id,pq1_0.status,pq1_0.updated_at,pq1_0.username from processing_queue pq1_0 where pq1_0.status=? order by pq1_0.created_at
Hibernate: select pq1_0.job_id,pq1_0.action_name,pq1_0.confidence_score,pq1_0.content_type,pq1_0.context_data,pq1_0.created_at,pq1_0.error_message,pq1_0.extracted_data,pq1_0.file_path,pq1_0.needs_approval,pq1_0.password,pq1_0.result_id,pq1_0.status,pq1_0.updated_at,pq1_0.username from processing_queue pq1_0 where pq1_0.status=? order by pq1_0.created_at
Hibernate: select pq1_0.job_id,pq1_0.action_name,pq1_0.confidence_score,pq1_0.content_type,pq1_0.context_data,pq1_0.created_at,pq1_0.error_message,pq1_0.extracted_data,pq1_0.file_path,pq1_0.needs_approval,pq1_0.password,pq1_0.result_id,pq1_0.status,pq1_0.updated_at,pq1_0.username from processing_queue pq1_0 where pq1_0.status=? order by pq1_0.created_at
Hibernate: select pq1_0.job_id,pq1_0.action_name,pq1_0.confidence_score,pq1_0.content_type,pq1_0.context_data,pq1_0.created_at,pq1_0.error_message,pq1_0.extracted_data,pq1_0.file_path,pq1_0.needs_approval,pq1_0.password,pq1_0.result_id,pq1_0.status,pq1_0.updated_at,pq1_0.username from processing_queue pq1_0 where pq1_0.status=? order by pq1_0.created_at
Hibernate: select pq1_0.job_id,pq1_0.action_name,pq1_0.confidence_score,pq1_0.content_type,pq1_0.context_data,pq1_0.created_at,pq1_0.error_message,pq1_0.extracted_data,pq1_0.file_path,pq1_0.needs_approval,pq1_0.password,pq1_0.result_id,pq1_0.status,pq1_0.updated_at,pq1_0.username from processing_queue pq1_0 where pq1_0.status=? order by pq1_0.created_at
Hibernate: select pq1_0.job_id,pq1_0.action_name,pq1_0.confidence_score,pq1_0.content_type,pq1_0.context_data,pq1_0.created_at,pq1_0.error_message,pq1_0.extracted_data,pq1_0.file_path,pq1_0.needs_approval,pq1_0.password,pq1_0.result_id,pq1_0.status,pq1_0.updated_at,pq1_0.username from processing_queue pq1_0 where pq1_0.status=? order by pq1_0.created_at
Hibernate: select pq1_0.job_id,pq1_0.action_name,pq1_0.confidence_score,pq1_0.content_type,pq1_0.context_data,pq1_0.created_at,pq1_0.error_message,pq1_0.extracted_data,pq1_0.file_path,pq1_0.needs_approval,pq1_0.password,pq1_0.result_id,pq1_0.status,pq1_0.updated_at,pq1_0.username from processing_queue pq1_0 where pq1_0.status=? order by pq1_0.created_at
Hibernate: select pq1_0.job_id,pq1_0.action_name,pq1_0.confidence_score,pq1_0.content_type,pq1_0.context_data,pq1_0.created_at,pq1_0.error_message,pq1_0.extracted_data,pq1_0.file_path,pq1_0.needs_approval,pq1_0.password,pq1_0.result_id,pq1_0.status,pq1_0.updated_at,pq1_0.username from processing_queue pq1_0 where pq1_0.status=? order by pq1_0.created_at
Hibernate: select pq1_0.job_id,pq1_0.action_name,pq1_0.confidence_score,pq1_0.content_type,pq1_0.context_data,pq1_0.created_at,pq1_0.error_message,pq1_0.extracted_data,pq1_0.file_path,pq1_0.needs_approval,pq1_0.password,pq1_0.result_id,pq1_0.status,pq1_0.updated_at,pq1_0.username from processing_queue pq1_0 where pq1_0.status=? order by pq1_0.created_at
Hibernate: select pq1_0.job_id,pq1_0.action_name,pq1_0.confidence_score,pq1_0.content_type,pq1_0.context_data,pq1_0.created_at,pq1_0.error_message,pq1_0.extracted_data,pq1_0.file_path,pq1_0.needs_approval,pq1_0.password,pq1_0.result_id,pq1_0.status,pq1_0.updated_at,pq1_0.username from processing_queue pq1_0 where pq1_0.status=? order by pq1_0.created_at
Hibernate: select pq1_0.job_id,pq1_0.action_name,pq1_0.confidence_score,pq1_0.content_type,pq1_0.context_data,pq1_0.created_at,pq1_0.error_message,pq1_0.extracted_data,pq1_0.file_path,pq1_0.needs_approval,pq1_0.password,pq1_0.result_id,pq1_0.status,pq1_0.updated_at,pq1_0.username from processing_queue pq1_0 where pq1_0.status=? order by pq1_0.created_at
Hibernate: select pq1_0.job_id,pq1_0.action_name,pq1_0.confidence_score,pq1_0.content_type,pq1_0.context_data,pq1_0.created_at,pq1_0.error_message,pq1_0.extracted_data,pq1_0.file_path,pq1_0.needs_approval,pq1_0.password,pq1_0.result_id,pq1_0.status,pq1_0.updated_at,pq1_0.username from processing_queue pq1_0 where pq1_0.status=? order by pq1_0.created_at
Hibernate: select pq1_0.job_id,pq1_0.action_name,pq1_0.confidence_score,pq1_0.content_type,pq1_0.context_data,pq1_0.created_at,pq1_0.error_message,pq1_0.extracted_data,pq1_0.file_path,pq1_0.needs_approval,pq1_0.password,pq1_0.result_id,pq1_0.status,pq1_0.updated_at,pq1_0.username from processing_queue pq1_0 where pq1_0.status=? order by pq1_0.created_at
Hibernate: select pq1_0.job_id,pq1_0.action_name,pq1_0.confidence_score,pq1_0.content_type,pq1_0.context_data,pq1_0.created_at,pq1_0.error_message,pq1_0.extracted_data,pq1_0.file_path,pq1_0.needs_approval,pq1_0.password,pq1_0.result_id,pq1_0.status,pq1_0.updated_at,pq1_0.username from processing_queue pq1_0 where pq1_0.status=? order by pq1_0.created_at
Hibernate: select pq1_0.job_id,pq1_0.action_name,pq1_0.confidence_score,pq1_0.content_type,pq1_0.context_data,pq1_0.created_at,pq1_0.error_message,pq1_0.extracted_data,pq1_0.file_path,pq1_0.needs_approval,pq1_0.password,pq1_0.result_id,pq1_0.status,pq1_0.updated_at,pq1_0.username from processing_queue pq1_0 where pq1_0.status=? order by pq1_0.created_at
Hibernate: select pq1_0.job_id,pq1_0.action_name,pq1_0.confidence_score,pq1_0.content_type,pq1_0.context_data,pq1_0.created_at,pq1_0.error_message,pq1_0.extracted_data,pq1_0.file_path,pq1_0.needs_approval,pq1_0.password,pq1_0.result_id,pq1_0.status,pq1_0.updated_at,pq1_0.username from processing_queue pq1_0 where pq1_0.status=? order by pq1_0.created_at
Hibernate: select pq1_0.job_id,pq1_0.action_name,pq1_0.confidence_score,pq1_0.content_type,pq1_0.context_data,pq1_0.created_at,pq1_0.error_message,pq1_0.extracted_data,pq1_0.file_path,pq1_0.needs_approval,pq1_0.password,pq1_0.result_id,pq1_0.status,pq1_0.updated_at,pq1_0.username from processing_queue pq1_0 where pq1_0.status=? order by pq1_0.created_at
Hibernate: select pq1_0.job_id,pq1_0.action_name,pq1_0.confidence_score,pq1_0.content_type,pq1_0.context_data,pq1_0.created_at,pq1_0.error_message,pq1_0.extracted_data,pq1_0.file_path,pq1_0.needs_approval,pq1_0.password,pq1_0.result_id,pq1_0.status,pq1_0.updated_at,pq1_0.username from processing_queue pq1_0 where pq1_0.status=? order by pq1_0.created_at
Hibernate: select pq1_0.job_id,pq1_0.action_name,pq1_0.confidence_score,pq1_0.content_type,pq1_0.context_data,pq1_0.created_at,pq1_0.error_message,pq1_0.extracted_data,pq1_0.file_path,pq1_0.needs_approval,pq1_0.password,pq1_0.result_id,pq1_0.status,pq1_0.updated_at,pq1_0.username from processing_queue pq1_0 where pq1_0.status=? order by pq1_0.created_at
Hibernate: select pq1_0.job_id,pq1_0.action_name,pq1_0.confidence_score,pq1_0.content_type,pq1_0.context_data,pq1_0.created_at,pq1_0.error_message,pq1_0.extracted_data,pq1_0.file_path,pq1_0.needs_approval,pq1_0.password,pq1_0.result_id,pq1_0.status,pq1_0.updated_at,pq1_0.username from processing_queue pq1_0 where pq1_0.status=? order by pq1_0.created_at
Hibernate: select pq1_0.job_id,pq1_0.action_name,pq1_0.confidence_score,pq1_0.content_type,pq1_0.context_data,pq1_0.created_at,pq1_0.error_message,pq1_0.extracted_data,pq1_0.file_path,pq1_0.needs_approval,pq1_0.password,pq1_0.result_id,pq1_0.status,pq1_0.updated_at,pq1_0.username from processing_queue pq1_0 where pq1_0.status=? order by pq1_0.created_at
Hibernate: select pq1_0.job_id,pq1_0.action_name,pq1_0.confidence_score,pq1_0.content_type,pq1_0.context_data,pq1_0.created_at,pq1_0.error_message,pq1_0.extracted_data,pq1_0.file_path,pq1_0.needs_approval,pq1_0.password,pq1_0.result_id,pq1_0.status,pq1_0.updated_at,pq1_0.username from processing_queue pq1_0 where pq1_0.status=? order by pq1_0.created_at
Hibernate: select pq1_0.job_id,pq1_0.action_name,pq1_0.confidence_score,pq1_0.content_type,pq1_0.context_data,pq1_0.created_at,pq1_0.error_message,pq1_0.extracted_data,pq1_0.file_path,pq1_0.needs_approval,pq1_0.password,pq1_0.result_id,pq1_0.status,pq1_0.updated_at,pq1_0.username from processing_queue pq1_0 where pq1_0.status=? order by pq1_0.created_at
Hibernate: select pq1_0.job_id,pq1_0.action_name,pq1_0.confidence_score,pq1_0.content_type,pq1_0.context_data,pq1_0.created_at,pq1_0.error_message,pq1_0.extracted_data,pq1_0.file_path,pq1_0.needs_approval,pq1_0.password,pq1_0.result_id,pq1_0.status,pq1_0.updated_at,pq1_0.username from processing_queue pq1_0 where pq1_0.status=? order by pq1_0.created_at
Hibernate: select pq1_0.job_id,pq1_0.action_name,pq1_0.confidence_score,pq1_0.content_type,pq1_0.context_data,pq1_0.created_at,pq1_0.error_message,pq1_0.extracted_data,pq1_0.file_path,pq1_0.needs_approval,pq1_0.password,pq1_0.result_id,pq1_0.status,pq1_0.updated_at,pq1_0.username from processing_queue pq1_0 where pq1_0.status=? order by pq1_0.created_at
Hibernate: select pq1_0.job_id,pq1_0.action_name,pq1_0.confidence_score,pq1_0.content_type,pq1_0.context_data,pq1_0.created_at,pq1_0.error_message,pq1_0.extracted_data,pq1_0.file_path,pq1_0.needs_approval,pq1_0.password,pq1_0.result_id,pq1_0.status,pq1_0.updated_at,pq1_0.username from processing_queue pq1_0 where pq1_0.status=? order by pq1_0.created_at
Hibernate: select pq1_0.job_id,pq1_0.action_name,pq1_0.confidence_score,pq1_0.content_type,pq1_0.context_data,pq1_0.created_at,pq1_0.error_message,pq1_0.extracted_data,pq1_0.file_path,pq1_0.needs_approval,pq1_0.password,pq1_0.result_id,pq1_0.status,pq1_0.updated_at,pq1_0.username from processing_queue pq1_0 where pq1_0.status=? order by pq1_0.created_at
Hibernate: select pq1_0.job_id,pq1_0.action_name,pq1_0.confidence_score,pq1_0.content_type,pq1_0.context_data,pq1_0.created_at,pq1_0.error_message,pq1_0.extracted_data,pq1_0.file_path,pq1_0.needs_approval,pq1_0.password,pq1_0.result_id,pq1_0.status,pq1_0.updated_at,pq1_0.username from processing_queue pq1_0 where pq1_0.status=? order by pq1_0.created_at
Hibernate: select pq1_0.job_id,pq1_0.action_name,pq1_0.confidence_score,pq1_0.content_type,pq1_0.context_data,pq1_0.created_at,pq1_0.error_message,pq1_0.extracted_data,pq1_0.file_path,pq1_0.needs_approval,pq1_0.password,pq1_0.result_id,pq1_0.status,pq1_0.updated_at,pq1_0.username from processing_queue pq1_0 where pq1_0.status=? order by pq1_0.created_at
Hibernate: select pq1_0.job_id,pq1_0.action_name,pq1_0.confidence_score,pq1_0.content_type,pq1_0.context_data,pq1_0.created_at,pq1_0.error_message,pq1_0.extracted_data,pq1_0.file_path,pq1_0.needs_approval,pq1_0.password,pq1_0.result_id,pq1_0.status,pq1_0.updated_at,pq1_0.username from processing_queue pq1_0 where pq1_0.status=? order by pq1_0.created_at
Hibernate: select pq1_0.job_id,pq1_0.action_name,pq1_0.confidence_score,pq1_0.content_type,pq1_0.context_data,pq1_0.created_at,pq1_0.error_message,pq1_0.extracted_data,pq1_0.file_path,pq1_0.needs_approval,pq1_0.password,pq1_0.result_id,pq1_0.status,pq1_0.updated_at,pq1_0.username from processing_queue pq1_0 where pq1_0.status=? order by pq1_0.created_at
Hibernate: select pq1_0.job_id,pq1_0.action_name,pq1_0.confidence_score,pq1_0.content_type,pq1_0.context_data,pq1_0.created_at,pq1_0.error_message,pq1_0.extracted_data,pq1_0.file_path,pq1_0.needs_approval,pq1_0.password,pq1_0.result_id,pq1_0.status,pq1_0.updated_at,pq1_0.username from processing_queue pq1_0 where pq1_0.status=? order by pq1_0.created_at
Hibernate: select pq1_0.job_id,pq1_0.action_name,pq1_0.confidence_score,pq1_0.content_type,pq1_0.context_data,pq1_0.created_at,pq1_0.error_message,pq1_0.extracted_data,pq1_0.file_path,pq1_0.needs_approval,pq1_0.password,pq1_0.result_id,pq1_0.status,pq1_0.updated_at,pq1_0.username from processing_queue pq1_0 where pq1_0.status=? order by pq1_0.created_at
Hibernate: select pq1_0.job_id,pq1_0.action_name,pq1_0.confidence_score,pq1_0.content_type,pq1_0.context_data,pq1_0.created_at,pq1_0.error_message,pq1_0.extracted_data,pq1_0.file_path,pq1_0.needs_approval,pq1_0.password,pq1_0.result_id,pq1_0.status,pq1_0.updated_at,pq1_0.username from processing_queue pq1_0 where pq1_0.status=? order by pq1_0.created_at
Hibernate: select pq1_0.job_id,pq1_0.action_name,pq1_0.confidence_score,pq1_0.content_type,pq1_0.context_data,pq1_0.created_at,pq1_0.error_message,pq1_0.extracted_data,pq1_0.file_path,pq1_0.needs_approval,pq1_0.password,pq1_0.result_id,pq1_0.status,pq1_0.updated_at,pq1_0.username from processing_queue pq1_0 where pq1_0.status=? order by pq1_0.created_at
Hibernate: select pq1_0.job_id,pq1_0.action_name,pq1_0.confidence_score,pq1_0.content_type,pq1_0.context_data,pq1_0.created_at,pq1_0.error_message,pq1_0.extracted_data,pq1_0.file_path,pq1_0.needs_approval,pq1_0.password,pq1_0.result_id,pq1_0.status,pq1_0.updated_at,pq1_0.username from processing_queue pq1_0 where pq1_0.status=? order by pq1_0.created_at
Hibernate: select pq1_0.job_id,pq1_0.action_name,pq1_0.confidence_score,pq1_0.content_type,pq1_0.context_data,pq1_0.created_at,pq1_0.error_message,pq1_0.extracted_data,pq1_0.file_path,pq1_0.needs_approval,pq1_0.password,pq1_0.result_id,pq1_0.status,pq1_0.updated_at,pq1_0.username from processing_queue pq1_0 where pq1_0.status=? order by pq1_0.created_at
Hibernate: select pq1_0.job_id,pq1_0.action_name,pq1_0.confidence_score,pq1_0.content_type,pq1_0.context_data,pq1_0.created_at,pq1_0.error_message,pq1_0.extracted_data,pq1_0.file_path,pq1_0.needs_approval,pq1_0.password,pq1_0.result_id,pq1_0.status,pq1_0.updated_at,pq1_0.username from processing_queue pq1_0 where pq1_0.status=? order by pq1_0.created_at
Hibernate: select pq1_0.job_id,pq1_0.action_name,pq1_0.confidence_score,pq1_0.content_type,pq1_0.context_data,pq1_0.created_at,pq1_0.error_message,pq1_0.extracted_data,pq1_0.file_path,pq1_0.needs_approval,pq1_0.password,pq1_0.result_id,pq1_0.status,pq1_0.updated_at,pq1_0.username from processing_queue pq1_0 where pq1_0.status=? order by pq1_0.created_at
Hibernate: select pq1_0.job_id,pq1_0.action_name,pq1_0.confidence_score,pq1_0.content_type,pq1_0.context_data,pq1_0.created_at,pq1_0.error_message,pq1_0.extracted_data,pq1_0.file_path,pq1_0.needs_approval,pq1_0.password,pq1_0.result_id,pq1_0.status,pq1_0.updated_at,pq1_0.username from processing_queue pq1_0 where pq1_0.status=? order by pq1_0.created_at
Hibernate: select pq1_0.job_id,pq1_0.action_name,pq1_0.confidence_score,pq1_0.content_type,pq1_0.context_data,pq1_0.created_at,pq1_0.error_message,pq1_0.extracted_data,pq1_0.file_path,pq1_0.needs_approval,pq1_0.password,pq1_0.result_id,pq1_0.status,pq1_0.updated_at,pq1_0.username from processing_queue pq1_0 where pq1_0.status=? order by pq1_0.created_at
Hibernate: select pq1_0.job_id,pq1_0.action_name,pq1_0.confidence_score,pq1_0.content_type,pq1_0.context_data,pq1_0.created_at,pq1_0.error_message,pq1_0.extracted_data,pq1_0.file_path,pq1_0.needs_approval,pq1_0.password,pq1_0.result_id,pq1_0.status,pq1_0.updated_at,pq1_0.username from processing_queue pq1_0 where pq1_0.status=? order by pq1_0.created_at
Hibernate: select pq1_0.job_id,pq1_0.action_name,pq1_0.confidence_score,pq1_0.content_type,pq1_0.context_data,pq1_0.created_at,pq1_0.error_message,pq1_0.extracted_data,pq1_0.file_path,pq1_0.needs_approval,pq1_0.password,pq1_0.result_id,pq1_0.status,pq1_0.updated_at,pq1_0.username from processing_queue pq1_0 where pq1_0.status=? order by pq1_0.created_at
Hibernate: select pq1_0.job_id,pq1_0.action_name,pq1_0.confidence_score,pq1_0.content_type,pq1_0.context_data,pq1_0.created_at,pq1_0.error_message,pq1_0.extracted_data,pq1_0.file_path,pq1_0.needs_approval,pq1_0.password,pq1_0.result_id,pq1_0.status,pq1_0.updated_at,pq1_0.username from processing_queue pq1_0 where pq1_0.status=? order by pq1_0.created_at
Hibernate: select pq1_0.job_id,pq1_0.action_name,pq1_0.confidence_score,pq1_0.content_type,pq1_0.context_data,pq1_0.created_at,pq1_0.error_message,pq1_0.extracted_data,pq1_0.file_path,pq1_0.needs_approval,pq1_0.password,pq1_0.result_id,pq1_0.status,pq1_0.updated_at,pq1_0.username from processing_queue pq1_0 where pq1_0.status=? order by pq1_0.created_at
Hibernate: select pq1_0.job_id,pq1_0.action_name,pq1_0.confidence_score,pq1_0.content_type,pq1_0.context_data,pq1_0.created_at,pq1_0.error_message,pq1_0.extracted_data,pq1_0.file_path,pq1_0.needs_approval,pq1_0.password,pq1_0.result_id,pq1_0.status,pq1_0.updated_at,pq1_0.username from processing_queue pq1_0 where pq1_0.status=? order by pq1_0.created_at
Hibernate: select pq1_0.job_id,pq1_0.action_name,pq1_0.confidence_score,pq1_0.content_type,pq1_0.context_data,pq1_0.created_at,pq1_0.error_message,pq1_0.extracted_data,pq1_0.file_path,pq1_0.needs_approval,pq1_0.password,pq1_0.result_id,pq1_0.status,pq1_0.updated_at,pq1_0.username from processing_queue pq1_0 where pq1_0.status=? order by pq1_0.created_at
Hibernate: select pq1_0.job_id,pq1_0.action_name,pq1_0.confidence_score,pq1_0.content_type,pq1_0.context_data,pq1_0.created_at,pq1_0.error_message,pq1_0.extracted_data,pq1_0.file_path,pq1_0.needs_approval,pq1_0.password,pq1_0.result_id,pq1_0.status,pq1_0.updated_at,pq1_0.username from processing_queue pq1_0 where pq1_0.status=? order by pq1_0.created_at
Hibernate: select pq1_0.job_id,pq1_0.action_name,pq1_0.confidence_score,pq1_0.content_type,pq1_0.context_data,pq1_0.created_at,pq1_0.error_message,pq1_0.extracted_data,pq1_0.file_path,pq1_0.needs_approval,pq1_0.password,pq1_0.result_id,pq1_0.status,pq1_0.updated_at,pq1_0.username from processing_queue pq1_0 where pq1_0.status=? order by pq1_0.created_at
Hibernate: select pq1_0.job_id,pq1_0.action_name,pq1_0.confidence_score,pq1_0.content_type,pq1_0.context_data,pq1_0.created_at,pq1_0.error_message,pq1_0.extracted_data,pq1_0.file_path,pq1_0.needs_approval,pq1_0.password,pq1_0.result_id,pq1_0.status,pq1_0.updated_at,pq1_0.username from processing_queue pq1_0 where pq1_0.status=? order by pq1_0.created_at
Hibernate: select pq1_0.job_id,pq1_0.action_name,pq1_0.confidence_score,pq1_0.content_type,pq1_0.context_data,pq1_0.created_at,pq1_0.error_message,pq1_0.extracted_data,pq1_0.file_path,pq1_0.needs_approval,pq1_0.password,pq1_0.result_id,pq1_0.status,pq1_0.updated_at,pq1_0.username from processing_queue pq1_0 where pq1_0.status=? order by pq1_0.created_at
Hibernate: select pq1_0.job_id,pq1_0.action_name,pq1_0.confidence_score,pq1_0.content_type,pq1_0.context_data,pq1_0.created_at,pq1_0.error_message,pq1_0.extracted_data,pq1_0.file_path,pq1_0.needs_approval,pq1_0.password,pq1_0.result_id,pq1_0.status,pq1_0.updated_at,pq1_0.username from processing_queue pq1_0 where pq1_0.status=? order by pq1_0.created_at
Hibernate: select pq1_0.job_id,pq1_0.action_name,pq1_0.confidence_score,pq1_0.content_type,pq1_0.context_data,pq1_0.created_at,pq1_0.error_message,pq1_0.extracted_data,pq1_0.file_path,pq1_0.needs_approval,pq1_0.password,pq1_0.result_id,pq1_0.status,pq1_0.updated_at,pq1_0.username from processing_queue pq1_0 where pq1_0.status=? order by pq1_0.created_at
Hibernate: select pq1_0.job_id,pq1_0.action_name,pq1_0.confidence_score,pq1_0.content_type,pq1_0.context_data,pq1_0.created_at,pq1_0.error_message,pq1_0.extracted_data,pq1_0.file_path,pq1_0.needs_approval,pq1_0.password,pq1_0.result_id,pq1_0.status,pq1_0.updated_at,pq1_0.username from processing_queue pq1_0 where pq1_0.status=? order by pq1_0.created_at
Hibernate: select pq1_0.job_id,pq1_0.action_name,pq1_0.confidence_score,pq1_0.content_type,pq1_0.context_data,pq1_0.created_at,pq1_0.error_message,pq1_0.extracted_data,pq1_0.file_path,pq1_0.needs_approval,pq1_0.password,pq1_0.result_id,pq1_0.status,pq1_0.updated_at,pq1_0.username from processing_queue pq1_0 where pq1_0.status=? order by pq1_0.created_at
Hibernate: select pq1_0.job_id,pq1_0.action_name,pq1_0.confidence_score,pq1_0.content_type,pq1_0.context_data,pq1_0.created_at,pq1_0.error_message,pq1_0.extracted_data,pq1_0.file_path,pq1_0.needs_approval,pq1_0.password,pq1_0.result_id,pq1_0.status,pq1_0.updated_at,pq1_0.username from processing_queue pq1_0 where pq1_0.status=? order by pq1_0.created_at
Hibernate: select pq1_0.job_id,pq1_0.action_name,pq1_0.confidence_score,pq1_0.content_type,pq1_0.context_data,pq1_0.created_at,pq1_0.error_message,pq1_0.extracted_data,pq1_0.file_path,pq1_0.needs_approval,pq1_0.password,pq1_0.result_id,pq1_0.status,pq1_0.updated_at,pq1_0.username from processing_queue pq1_0 where pq1_0.status=? order by pq1_0.created_at
Hibernate: select pq1_0.job_id,pq1_0.action_name,pq1_0.confidence_score,pq1_0.content_type,pq1_0.context_data,pq1_0.created_at,pq1_0.error_message,pq1_0.extracted_data,pq1_0.file_path,pq1_0.needs_approval,pq1_0.password,pq1_0.result_id,pq1_0.status,pq1_0.updated_at,pq1_0.username from processing_queue pq1_0 where pq1_0.status=? order by pq1_0.created_at
Hibernate: select pq1_0.job_id,pq1_0.action_name,pq1_0.confidence_score,pq1_0.content_type,pq1_0.context_data,pq1_0.created_at,pq1_0.error_message,pq1_0.extracted_data,pq1_0.file_path,pq1_0.needs_approval,pq1_0.password,pq1_0.result_id,pq1_0.status,pq1_0.updated_at,pq1_0.username from processing_queue pq1_0 where pq1_0.status=? order by pq1_0.created_at
Hibernate: select pq1_0.job_id,pq1_0.action_name,pq1_0.confidence_score,pq1_0.content_type,pq1_0.context_data,pq1_0.created_at,pq1_0.error_message,pq1_0.extracted_data,pq1_0.file_path,pq1_0.needs_approval,pq1_0.password,pq1_0.result_id,pq1_0.status,pq1_0.updated_at,pq1_0.username from processing_queue pq1_0 where pq1_0.status=? order by pq1_0.created_at
Hibernate: select pq1_0.job_id,pq1_0.action_name,pq1_0.confidence_score,pq1_0.content_type,pq1_0.context_data,pq1_0.created_at,pq1_0.error_message,pq1_0.extracted_data,pq1_0.file_path,pq1_0.needs_approval,pq1_0.password,pq1_0.result_id,pq1_0.status,pq1_0.updated_at,pq1_0.username from processing_queue pq1_0 where pq1_0.status=? order by pq1_0.created_at
Hibernate: select pq1_0.job_id,pq1_0.action_name,pq1_0.confidence_score,pq1_0.content_type,pq1_0.context_data,pq1_0.created_at,pq1_0.error_message,pq1_0.extracted_data,pq1_0.file_path,pq1_0.needs_approval,pq1_0.password,pq1_0.result_id,pq1_0.status,pq1_0.updated_at,pq1_0.username from processing_queue pq1_0 where pq1_0.status=? order by pq1_0.created_at
Hibernate: select pq1_0.job_id,pq1_0.action_name,pq1_0.confidence_score,pq1_0.content_type,pq1_0.context_data,pq1_0.created_at,pq1_0.error_message,pq1_0.extracted_data,pq1_0.file_path,pq1_0.needs_approval,pq1_0.password,pq1_0.result_id,pq1_0.status,pq1_0.updated_at,pq1_0.username from processing_queue pq1_0 where pq1_0.status=? order by pq1_0.created_at
Hibernate: select pq1_0.job_id,pq1_0.action_name,pq1_0.confidence_score,pq1_0.content_type,pq1_0.context_data,pq1_0.created_at,pq1_0.error_message,pq1_0.extracted_data,pq1_0.file_path,pq1_0.needs_approval,pq1_0.password,pq1_0.result_id,pq1_0.status,pq1_0.updated_at,pq1_0.username from processing_queue pq1_0 where pq1_0.status=? order by pq1_0.created_at
Hibernate: select pq1_0.job_id,pq1_0.action_name,pq1_0.confidence_score,pq1_0.content_type,pq1_0.context_data,pq1_0.created_at,pq1_0.error_message,pq1_0.extracted_data,pq1_0.file_path,pq1_0.needs_approval,pq1_0.password,pq1_0.result_id,pq1_0.status,pq1_0.updated_at,pq1_0.username from processing_queue pq1_0 where pq1_0.status=? order by pq1_0.created_at
Hibernate: select pq1_0.job_id,pq1_0.action_name,pq1_0.confidence_score,pq1_0.content_type,pq1_0.context_data,pq1_0.created_at,pq1_0.error_message,pq1_0.extracted_data,pq1_0.file_path,pq1_0.needs_approval,pq1_0.password,pq1_0.result_id,pq1_0.status,pq1_0.updated_at,pq1_0.username from processing_queue pq1_0 where pq1_0.status=? order by pq1_0.created_at
Hibernate: select pq1_0.job_id,pq1_0.action_name,pq1_0.confidence_score,pq1_0.content_type,pq1_0.context_data,pq1_0.created_at,pq1_0.error_message,pq1_0.extracted_data,pq1_0.file_path,pq1_0.needs_approval,pq1_0.password,pq1_0.result_id,pq1_0.status,pq1_0.updated_at,pq1_0.username from processing_queue pq1_0 where pq1_0.status=? order by pq1_0.created_at
Hibernate: select pq1_0.job_id,pq1_0.action_name,pq1_0.confidence_score,pq1_0.content_type,pq1_0.context_data,pq1_0.created_at,pq1_0.error_message,pq1_0.extracted_data,pq1_0.file_path,pq1_0.needs_approval,pq1_0.password,pq1_0.result_id,pq1_0.status,pq1_0.updated_at,pq1_0.username from processing_queue pq1_0 where pq1_0.status=? order by pq1_0.created_at
Hibernate: select pq1_0.job_id,pq1_0.action_name,pq1_0.confidence_score,pq1_0.content_type,pq1_0.context_data,pq1_0.created_at,pq1_0.error_message,pq1_0.extracted_data,pq1_0.file_path,pq1_0.needs_approval,pq1_0.password,pq1_0.result_id,pq1_0.status,pq1_0.updated_at,pq1_0.username from processing_queue pq1_0 where pq1_0.status=? order by pq1_0.created_at
Hibernate: select pq1_0.job_id,pq1_0.action_name,pq1_0.confidence_score,pq1_0.content_type,pq1_0.context_data,pq1_0.created_at,pq1_0.error_message,pq1_0.extracted_data,pq1_0.file_path,pq1_0.needs_approval,pq1_0.password,pq1_0.result_id,pq1_0.status,pq1_0.updated_at,pq1_0.username from processing_queue pq1_0 where pq1_0.status=? order by pq1_0.created_at
Hibernate: select pq1_0.job_id,pq1_0.action_name,pq1_0.confidence_score,pq1_0.content_type,pq1_0.context_data,pq1_0.created_at,pq1_0.error_message,pq1_0.extracted_data,pq1_0.file_path,pq1_0.needs_approval,pq1_0.password,pq1_0.result_id,pq1_0.status,pq1_0.updated_at,pq1_0.username from processing_queue pq1_0 where pq1_0.status=? order by pq1_0.created_at
Hibernate: select pq1_0.job_id,pq1_0.action_name,pq1_0.confidence_score,pq1_0.content_type,pq1_0.context_data,pq1_0.created_at,pq1_0.error_message,pq1_0.extracted_data,pq1_0.file_path,pq1_0.needs_approval,pq1_0.password,pq1_0.result_id,pq1_0.status,pq1_0.updated_at,pq1_0.username from processing_queue pq1_0 where pq1_0.status=? order by pq1_0.created_at
Hibernate: select pq1_0.job_id,pq1_0.action_name,pq1_0.confidence_score,pq1_0.content_type,pq1_0.context_data,pq1_0.created_at,pq1_0.error_message,pq1_0.extracted_data,pq1_0.file_path,pq1_0.needs_approval,pq1_0.password,pq1_0.result_id,pq1_0.status,pq1_0.updated_at,pq1_0.username from processing_queue pq1_0 where pq1_0.status=? order by pq1_0.created_at
Hibernate: select pq1_0.job_id,pq1_0.action_name,pq1_0.confidence_score,pq1_0.content_type,pq1_0.context_data,pq1_0.created_at,pq1_0.error_message,pq1_0.extracted_data,pq1_0.file_path,pq1_0.needs_approval,pq1_0.password,pq1_0.result_id,pq1_0.status,pq1_0.updated_at,pq1_0.username from processing_queue pq1_0 where pq1_0.status=? order by pq1_0.created_at
Hibernate: select pq1_0.job_id,pq1_0.action_name,pq1_0.confidence_score,pq1_0.content_type,pq1_0.context_data,pq1_0.created_at,pq1_0.error_message,pq1_0.extracted_data,pq1_0.file_path,pq1_0.needs_approval,pq1_0.password,pq1_0.result_id,pq1_0.status,pq1_0.updated_at,pq1_0.username from processing_queue pq1_0 where pq1_0.status=? order by pq1_0.created_at
Hibernate: select pq1_0.job_id,pq1_0.action_name,pq1_0.confidence_score,pq1_0.content_type,pq1_0.context_data,pq1_0.created_at,pq1_0.error_message,pq1_0.extracted_data,pq1_0.file_path,pq1_0.needs_approval,pq1_0.password,pq1_0.result_id,pq1_0.status,pq1_0.updated_at,pq1_0.username from processing_queue pq1_0 where pq1_0.status=? order by pq1_0.created_at
Hibernate: select pq1_0.job_id,pq1_0.action_name,pq1_0.confidence_score,pq1_0.content_type,pq1_0.context_data,pq1_0.created_at,pq1_0.error_message,pq1_0.extracted_data,pq1_0.file_path,pq1_0.needs_approval,pq1_0.password,pq1_0.result_id,pq1_0.status,pq1_0.updated_at,pq1_0.username from processing_queue pq1_0 where pq1_0.status=? order by pq1_0.created_at
Hibernate: select pq1_0.job_id,pq1_0.action_name,pq1_0.confidence_score,pq1_0.content_type,pq1_0.context_data,pq1_0.created_at,pq1_0.error_message,pq1_0.extracted_data,pq1_0.file_path,pq1_0.needs_approval,pq1_0.password,pq1_0.result_id,pq1_0.status,pq1_0.updated_at,pq1_0.username from processing_queue pq1_0 where pq1_0.status=? order by pq1_0.created_at
Hibernate: select pq1_0.job_id,pq1_0.action_name,pq1_0.confidence_score,pq1_0.content_type,pq1_0.context_data,pq1_0.created_at,pq1_0.error_message,pq1_0.extracted_data,pq1_0.file_path,pq1_0.needs_approval,pq1_0.password,pq1_0.result_id,pq1_0.status,pq1_0.updated_at,pq1_0.username from processing_queue pq1_0 where pq1_0.status=? order by pq1_0.created_at
Hibernate: select pq1_0.job_id,pq1_0.action_name,pq1_0.confidence_score,pq1_0.content_type,pq1_0.context_data,pq1_0.created_at,pq1_0.error_message,pq1_0.extracted_data,pq1_0.file_path,pq1_0.needs_approval,pq1_0.password,pq1_0.result_id,pq1_0.status,pq1_0.updated_at,pq1_0.username from processing_queue pq1_0 where pq1_0.status=? order by pq1_0.created_at
Hibernate: select pq1_0.job_id,pq1_0.action_name,pq1_0.confidence_score,pq1_0.content_type,pq1_0.context_data,pq1_0.created_at,pq1_0.error_message,pq1_0.extracted_data,pq1_0.file_path,pq1_0.needs_approval,pq1_0.password,pq1_0.result_id,pq1_0.status,pq1_0.updated_at,pq1_0.username from processing_queue pq1_0 where pq1_0.status=? order by pq1_0.created_at
Hibernate: select pq1_0.job_id,pq1_0.action_name,pq1_0.confidence_score,pq1_0.content_type,pq1_0.context_data,pq1_0.created_at,pq1_0.error_message,pq1_0.extracted_data,pq1_0.file_path,pq1_0.needs_approval,pq1_0.password,pq1_0.result_id,pq1_0.status,pq1_0.updated_at,pq1_0.username from processing_queue pq1_0 where pq1_0.status=? order by pq1_0.created_at
Hibernate: select pq1_0.job_id,pq1_0.action_name,pq1_0.confidence_score,pq1_0.content_type,pq1_0.context_data,pq1_0.created_at,pq1_0.error_message,pq1_0.extracted_data,pq1_0.file_path,pq1_0.needs_approval,pq1_0.password,pq1_0.result_id,pq1_0.status,pq1_0.updated_at,pq1_0.username from processing_queue pq1_0 where pq1_0.status=? order by pq1_0.created_at
Hibernate: select pq1_0.job_id,pq1_0.action_name,pq1_0.confidence_score,pq1_0.content_type,pq1_0.context_data,pq1_0.created_at,pq1_0.error_message,pq1_0.extracted_data,pq1_0.file_path,pq1_0.needs_approval,pq1_0.password,pq1_0.result_id,pq1_0.status,pq1_0.updated_at,pq1_0.username from processing_queue pq1_0 where pq1_0.status=? order by pq1_0.created_at
Hibernate: select pq1_0.job_id,pq1_0.action_name,pq1_0.confidence_score,pq1_0.content_type,pq1_0.context_data,pq1_0.created_at,pq1_0.error_message,pq1_0.extracted_data,pq1_0.file_path,pq1_0.needs_approval,pq1_0.password,pq1_0.result_id,pq1_0.status,pq1_0.updated_at,pq1_0.username from processing_queue pq1_0 where pq1_0.status=? order by pq1_0.created_at
Hibernate: select pq1_0.job_id,pq1_0.action_name,pq1_0.confidence_score,pq1_0.content_type,pq1_0.context_data,pq1_0.created_at,pq1_0.error_message,pq1_0.extracted_data,pq1_0.file_path,pq1_0.needs_approval,pq1_0.password,pq1_0.result_id,pq1_0.status,pq1_0.updated_at,pq1_0.username from processing_queue pq1_0 where pq1_0.status=? order by pq1_0.created_at
Hibernate: select pq1_0.job_id,pq1_0.action_name,pq1_0.confidence_score,pq1_0.content_type,pq1_0.context_data,pq1_0.created_at,pq1_0.error_message,pq1_0.extracted_data,pq1_0.file_path,pq1_0.needs_approval,pq1_0.password,pq1_0.result_id,pq1_0.status,pq1_0.updated_at,pq1_0.username from processing_queue pq1_0 where pq1_0.status=? order by pq1_0.created_at
Hibernate: select pq1_0.job_id,pq1_0.action_name,pq1_0.confidence_score,pq1_0.content_type,pq1_0.context_data,pq1_0.created_at,pq1_0.error_message,pq1_0.extracted_data,pq1_0.file_path,pq1_0.needs_approval,pq1_0.password,pq1_0.result_id,pq1_0.status,pq1_0.updated_at,pq1_0.username from processing_queue pq1_0 where pq1_0.status=? order by pq1_0.created_at
Hibernate: select pq1_0.job_id,pq1_0.action_name,pq1_0.confidence_score,pq1_0.content_type,pq1_0.context_data,pq1_0.created_at,pq1_0.error_message,pq1_0.extracted_data,pq1_0.file_path,pq1_0.needs_approval,pq1_0.password,pq1_0.result_id,pq1_0.status,pq1_0.updated_at,pq1_0.username from processing_queue pq1_0 where pq1_0.status=? order by pq1_0.created_at
Hibernate: select pq1_0.job_id,pq1_0.action_name,pq1_0.confidence_score,pq1_0.content_type,pq1_0.context_data,pq1_0.created_at,pq1_0.error_message,pq1_0.extracted_data,pq1_0.file_path,pq1_0.needs_approval,pq1_0.password,pq1_0.result_id,pq1_0.status,pq1_0.updated_at,pq1_0.username from processing_queue pq1_0 where pq1_0.status=? order by pq1_0.created_at
Hibernate: select pq1_0.job_id,pq1_0.action_name,pq1_0.confidence_score,pq1_0.content_type,pq1_0.context_data,pq1_0.created_at,pq1_0.error_message,pq1_0.extracted_data,pq1_0.file_path,pq1_0.needs_approval,pq1_0.password,pq1_0.result_id,pq1_0.status,pq1_0.updated_at,pq1_0.username from processing_queue pq1_0 where pq1_0.status=? order by pq1_0.created_at
Hibernate: select pq1_0.job_id,pq1_0.action_name,pq1_0.confidence_score,pq1_0.content_type,pq1_0.context_data,pq1_0.created_at,pq1_0.error_message,pq1_0.extracted_data,pq1_0.file_path,pq1_0.needs_approval,pq1_0.password,pq1_0.result_id,pq1_0.status,pq1_0.updated_at,pq1_0.username from processing_queue pq1_0 where pq1_0.status=? order by pq1_0.created_at
Hibernate: select pq1_0.job_id,pq1_0.action_name,pq1_0.confidence_score,pq1_0.content_type,pq1_0.context_data,pq1_0.created_at,pq1_0.error_message,pq1_0.extracted_data,pq1_0.file_path,pq1_0.needs_approval,pq1_0.password,pq1_0.result_id,pq1_0.status,pq1_0.updated_at,pq1_0.username from processing_queue pq1_0 where pq1_0.status=? order by pq1_0.created_at
Hibernate: select pq1_0.job_id,pq1_0.action_name,pq1_0.confidence_score,pq1_0.content_type,pq1_0.context_data,pq1_0.created_at,pq1_0.error_message,pq1_0.extracted_data,pq1_0.file_path,pq1_0.needs_approval,pq1_0.password,pq1_0.result_id,pq1_0.status,pq1_0.updated_at,pq1_0.username from processing_queue pq1_0 where pq1_0.status=? order by pq1_0.created_at
Hibernate: select pq1_0.job_id,pq1_0.action_name,pq1_0.confidence_score,pq1_0.content_type,pq1_0.context_data,pq1_0.created_at,pq1_0.error_message,pq1_0.extracted_data,pq1_0.file_path,pq1_0.needs_approval,pq1_0.password,pq1_0.result_id,pq1_0.status,pq1_0.updated_at,pq1_0.username from processing_queue pq1_0 where pq1_0.status=? order by pq1_0.created_at
Hibernate: select pq1_0.job_id,pq1_0.action_name,pq1_0.confidence_score,pq1_0.content_type,pq1_0.context_data,pq1_0.created_at,pq1_0.error_message,pq1_0.extracted_data,pq1_0.file_path,pq1_0.needs_approval,pq1_0.password,pq1_0.result_id,pq1_0.status,pq1_0.updated_at,pq1_0.username from processing_queue pq1_0 where pq1_0.status=? order by pq1_0.created_at
Hibernate: select pq1_0.job_id,pq1_0.action_name,pq1_0.confidence_score,pq1_0.content_type,pq1_0.context_data,pq1_0.created_at,pq1_0.error_message,pq1_0.extracted_data,pq1_0.file_path,pq1_0.needs_approval,pq1_0.password,pq1_0.result_id,pq1_0.status,pq1_0.updated_at,pq1_0.username from processing_queue pq1_0 where pq1_0.status=? order by pq1_0.created_at
Hibernate: select pq1_0.job_id,pq1_0.action_name,pq1_0.confidence_score,pq1_0.content_type,pq1_0.context_data,pq1_0.created_at,pq1_0.error_message,pq1_0.extracted_data,pq1_0.file_path,pq1_0.needs_approval,pq1_0.password,pq1_0.result_id,pq1_0.status,pq1_0.updated_at,pq1_0.username from processing_queue pq1_0 where pq1_0.status=? order by pq1_0.created_at
Hibernate: select pq1_0.job_id,pq1_0.action_name,pq1_0.confidence_score,pq1_0.content_type,pq1_0.context_data,pq1_0.created_at,pq1_0.error_message,pq1_0.extracted_data,pq1_0.file_path,pq1_0.needs_approval,pq1_0.password,pq1_0.result_id,pq1_0.status,pq1_0.updated_at,pq1_0.username from processing_queue pq1_0 where pq1_0.status=? order by pq1_0.created_at
Hibernate: select pq1_0.job_id,pq1_0.action_name,pq1_0.confidence_score,pq1_0.content_type,pq1_0.context_data,pq1_0.created_at,pq1_0.error_message,pq1_0.extracted_data,pq1_0.file_path,pq1_0.needs_approval,pq1_0.password,pq1_0.result_id,pq1_0.status,pq1_0.updated_at,pq1_0.username from processing_queue pq1_0 where pq1_0.status=? order by pq1_0.created_at
Hibernate: select pq1_0.job_id,pq1_0.action_name,pq1_0.confidence_score,pq1_0.content_type,pq1_0.context_data,pq1_0.created_at,pq1_0.error_message,pq1_0.extracted_data,pq1_0.file_path,pq1_0.needs_approval,pq1_0.password,pq1_0.result_id,pq1_0.status,pq1_0.updated_at,pq1_0.username from processing_queue pq1_0 where pq1_0.status=? order by pq1_0.created_at
Hibernate: select pq1_0.job_id,pq1_0.action_name,pq1_0.confidence_score,pq1_0.content_type,pq1_0.context_data,pq1_0.created_at,pq1_0.error_message,pq1_0.extracted_data,pq1_0.file_path,pq1_0.needs_approval,pq1_0.password,pq1_0.result_id,pq1_0.status,pq1_0.updated_at,pq1_0.username from processing_queue pq1_0 where pq1_0.status=? order by pq1_0.created_at
Hibernate: select pq1_0.job_id,pq1_0.action_name,pq1_0.confidence_score,pq1_0.content_type,pq1_0.context_data,pq1_0.created_at,pq1_0.error_message,pq1_0.extracted_data,pq1_0.file_path,pq1_0.needs_approval,pq1_0.password,pq1_0.result_id,pq1_0.status,pq1_0.updated_at,pq1_0.username from processing_queue pq1_0 where pq1_0.status=? order by pq1_0.created_at
Hibernate: select pq1_0.job_id,pq1_0.action_name,pq1_0.confidence_score,pq1_0.content_type,pq1_0.context_data,pq1_0.created_at,pq1_0.error_message,pq1_0.extracted_data,pq1_0.file_path,pq1_0.needs_approval,pq1_0.password,pq1_0.result_id,pq1_0.status,pq1_0.updated_at,pq1_0.username from processing_queue pq1_0 where pq1_0.status=? order by pq1_0.created_at
Hibernate: select pq1_0.job_id,pq1_0.action_name,pq1_0.confidence_score,pq1_0.content_type,pq1_0.context_data,pq1_0.created_at,pq1_0.error_message,pq1_0.extracted_data,pq1_0.file_path,pq1_0.needs_approval,pq1_0.password,pq1_0.result_id,pq1_0.status,pq1_0.updated_at,pq1_0.username from processing_queue pq1_0 where pq1_0.status=? order by pq1_0.created_at
Hibernate: select pq1_0.job_id,pq1_0.action_name,pq1_0.confidence_score,pq1_0.content_type,pq1_0.context_data,pq1_0.created_at,pq1_0.error_message,pq1_0.extracted_data,pq1_0.file_path,pq1_0.needs_approval,pq1_0.password,pq1_0.result_id,pq1_0.status,pq1_0.updated_at,pq1_0.username from processing_queue pq1_0 where pq1_0.status=? order by pq1_0.created_at
Hibernate: select pq1_0.job_id,pq1_0.action_name,pq1_0.confidence_score,pq1_0.content_type,pq1_0.context_data,pq1_0.created_at,pq1_0.error_message,pq1_0.extracted_data,pq1_0.file_path,pq1_0.needs_approval,pq1_0.password,pq1_0.result_id,pq1_0.status,pq1_0.updated_at,pq1_0.username from processing_queue pq1_0 where pq1_0.status=? order by pq1_0.created_at
Hibernate: select pq1_0.job_id,pq1_0.action_name,pq1_0.confidence_score,pq1_0.content_type,pq1_0.context_data,pq1_0.created_at,pq1_0.error_message,pq1_0.extracted_data,pq1_0.file_path,pq1_0.needs_approval,pq1_0.password,pq1_0.result_id,pq1_0.status,pq1_0.updated_at,pq1_0.username from processing_queue pq1_0 where pq1_0.status=? order by pq1_0.created_at
Hibernate: select pq1_0.job_id,pq1_0.action_name,pq1_0.confidence_score,pq1_0.content_type,pq1_0.context_data,pq1_0.created_at,pq1_0.error_message,pq1_0.extracted_data,pq1_0.file_path,pq1_0.needs_approval,pq1_0.password,pq1_0.result_id,pq1_0.status,pq1_0.updated_at,pq1_0.username from processing_queue pq1_0 where pq1_0.status=? order by pq1_0.created_at
Hibernate: select pq1_0.job_id,pq1_0.action_name,pq1_0.confidence_score,pq1_0.content_type,pq1_0.context_data,pq1_0.created_at,pq1_0.error_message,pq1_0.extracted_data,pq1_0.file_path,pq1_0.needs_approval,pq1_0.password,pq1_0.result_id,pq1_0.status,pq1_0.updated_at,pq1_0.username from processing_queue pq1_0 where pq1_0.status=? order by pq1_0.created_at
Hibernate: select pq1_0.job_id,pq1_0.action_name,pq1_0.confidence_score,pq1_0.content_type,pq1_0.context_data,pq1_0.created_at,pq1_0.error_message,pq1_0.extracted_data,pq1_0.file_path,pq1_0.needs_approval,pq1_0.password,pq1_0.result_id,pq1_0.status,pq1_0.updated_at,pq1_0.username from processing_queue pq1_0 where pq1_0.status=? order by pq1_0.created_at
Hibernate: select pq1_0.job_id,pq1_0.action_name,pq1_0.confidence_score,pq1_0.content_type,pq1_0.context_data,pq1_0.created_at,pq1_0.error_message,pq1_0.extracted_data,pq1_0.file_path,pq1_0.needs_approval,pq1_0.password,pq1_0.result_id,pq1_0.status,pq1_0.updated_at,pq1_0.username from processing_queue pq1_0 where pq1_0.status=? order by pq1_0.created_at
Hibernate: select pq1_0.job_id,pq1_0.action_name,pq1_0.confidence_score,pq1_0.content_type,pq1_0.context_data,pq1_0.created_at,pq1_0.error_message,pq1_0.extracted_data,pq1_0.file_path,pq1_0.needs_approval,pq1_0.password,pq1_0.result_id,pq1_0.status,pq1_0.updated_at,pq1_0.username from processing_queue pq1_0 where pq1_0.status=? order by pq1_0.created_at
Hibernate: select pq1_0.job_id,pq1_0.action_name,pq1_0.confidence_score,pq1_0.content_type,pq1_0.context_data,pq1_0.created_at,pq1_0.error_message,pq1_0.extracted_data,pq1_0.file_path,pq1_0.needs_approval,pq1_0.password,pq1_0.result_id,pq1_0.status,pq1_0.updated_at,pq1_0.username from processing_queue pq1_0 where pq1_0.status=? order by pq1_0.created_at
Hibernate: select pq1_0.job_id,pq1_0.action_name,pq1_0.confidence_score,pq1_0.content_type,pq1_0.context_data,pq1_0.created_at,pq1_0.error_message,pq1_0.extracted_data,pq1_0.file_path,pq1_0.needs_approval,pq1_0.password,pq1_0.result_id,pq1_0.status,pq1_0.updated_at,pq1_0.username from processing_queue pq1_0 where pq1_0.status=? order by pq1_0.created_at
Hibernate: select pq1_0.job_id,pq1_0.action_name,pq1_0.confidence_score,pq1_0.content_type,pq1_0.context_data,pq1_0.created_at,pq1_0.error_message,pq1_0.extracted_data,pq1_0.file_path,pq1_0.needs_approval,pq1_0.password,pq1_0.result_id,pq1_0.status,pq1_0.updated_at,pq1_0.username from processing_queue pq1_0 where pq1_0.status=? order by pq1_0.created_at
Hibernate: select pq1_0.job_id,pq1_0.action_name,pq1_0.confidence_score,pq1_0.content_type,pq1_0.context_data,pq1_0.created_at,pq1_0.error_message,pq1_0.extracted_data,pq1_0.file_path,pq1_0.needs_approval,pq1_0.password,pq1_0.result_id,pq1_0.status,pq1_0.updated_at,pq1_0.username from processing_queue pq1_0 where pq1_0.status=? order by pq1_0.created_at
Hibernate: select pq1_0.job_id,pq1_0.action_name,pq1_0.confidence_score,pq1_0.content_type,pq1_0.context_data,pq1_0.created_at,pq1_0.error_message,pq1_0.extracted_data,pq1_0.file_path,pq1_0.needs_approval,pq1_0.password,pq1_0.result_id,pq1_0.status,pq1_0.updated_at,pq1_0.username from processing_queue pq1_0 where pq1_0.status=? order by pq1_0.created_at
Hibernate: select pq1_0.job_id,pq1_0.action_name,pq1_0.confidence_score,pq1_0.content_type,pq1_0.context_data,pq1_0.created_at,pq1_0.error_message,pq1_0.extracted_data,pq1_0.file_path,pq1_0.needs_approval,pq1_0.password,pq1_0.result_id,pq1_0.status,pq1_0.updated_at,pq1_0.username from processing_queue pq1_0 where pq1_0.status=? order by pq1_0.created_at
Hibernate: select pq1_0.job_id,pq1_0.action_name,pq1_0.confidence_score,pq1_0.content_type,pq1_0.context_data,pq1_0.created_at,pq1_0.error_message,pq1_0.extracted_data,pq1_0.file_path,pq1_0.needs_approval,pq1_0.password,pq1_0.result_id,pq1_0.status,pq1_0.updated_at,pq1_0.username from processing_queue pq1_0 where pq1_0.status=? order by pq1_0.created_at
Hibernate: select pq1_0.job_id,pq1_0.action_name,pq1_0.confidence_score,pq1_0.content_type,pq1_0.context_data,pq1_0.created_at,pq1_0.error_message,pq1_0.extracted_data,pq1_0.file_path,pq1_0.needs_approval,pq1_0.password,pq1_0.result_id,pq1_0.status,pq1_0.updated_at,pq1_0.username from processing_queue pq1_0 where pq1_0.status=? order by pq1_0.created_at
Hibernate: select pq1_0.job_id,pq1_0.action_name,pq1_0.confidence_score,pq1_0.content_type,pq1_0.context_data,pq1_0.created_at,pq1_0.error_message,pq1_0.extracted_data,pq1_0.file_path,pq1_0.needs_approval,pq1_0.password,pq1_0.result_id,pq1_0.status,pq1_0.updated_at,pq1_0.username from processing_queue pq1_0 where pq1_0.status=? order by pq1_0.created_at
Hibernate: select pq1_0.job_id,pq1_0.action_name,pq1_0.confidence_score,pq1_0.content_type,pq1_0.context_data,pq1_0.created_at,pq1_0.error_message,pq1_0.extracted_data,pq1_0.file_path,pq1_0.needs_approval,pq1_0.password,pq1_0.result_id,pq1_0.status,pq1_0.updated_at,pq1_0.username from processing_queue pq1_0 where pq1_0.status=? order by pq1_0.created_at
Hibernate: select pq1_0.job_id,pq1_0.action_name,pq1_0.confidence_score,pq1_0.content_type,pq1_0.context_data,pq1_0.created_at,pq1_0.error_message,pq1_0.extracted_data,pq1_0.file_path,pq1_0.needs_approval,pq1_0.password,pq1_0.result_id,pq1_0.status,pq1_0.updated_at,pq1_0.username from processing_queue pq1_0 where pq1_0.status=? order by pq1_0.created_at
Hibernate: select pq1_0.job_id,pq1_0.action_name,pq1_0.confidence_score,pq1_0.content_type,pq1_0.context_data,pq1_0.created_at,pq1_0.error_message,pq1_0.extracted_data,pq1_0.file_path,pq1_0.needs_approval,pq1_0.password,pq1_0.result_id,pq1_0.status,pq1_0.updated_at,pq1_0.username from processing_queue pq1_0 where pq1_0.status=? order by pq1_0.created_at
Hibernate: select pq1_0.job_id,pq1_0.action_name,pq1_0.confidence_score,pq1_0.content_type,pq1_0.context_data,pq1_0.created_at,pq1_0.error_message,pq1_0.extracted_data,pq1_0.file_path,pq1_0.needs_approval,pq1_0.password,pq1_0.result_id,pq1_0.status,pq1_0.updated_at,pq1_0.username from processing_queue pq1_0 where pq1_0.status=? order by pq1_0.created_at
Hibernate: select pq1_0.job_id,pq1_0.action_name,pq1_0.confidence_score,pq1_0.content_type,pq1_0.context_data,pq1_0.created_at,pq1_0.error_message,pq1_0.extracted_data,pq1_0.file_path,pq1_0.needs_approval,pq1_0.password,pq1_0.result_id,pq1_0.status,pq1_0.updated_at,pq1_0.username from processing_queue pq1_0 where pq1_0.status=? order by pq1_0.created_at
Hibernate: select pq1_0.job_id,pq1_0.action_name,pq1_0.confidence_score,pq1_0.content_type,pq1_0.context_data,pq1_0.created_at,pq1_0.error_message,pq1_0.extracted_data,pq1_0.file_path,pq1_0.needs_approval,pq1_0.password,pq1_0.result_id,pq1_0.status,pq1_0.updated_at,pq1_0.username from processing_queue pq1_0 where pq1_0.status=? order by pq1_0.created_at
Hibernate: select pq1_0.job_id,pq1_0.action_name,pq1_0.confidence_score,pq1_0.content_type,pq1_0.context_data,pq1_0.created_at,pq1_0.error_message,pq1_0.extracted_data,pq1_0.file_path,pq1_0.needs_approval,pq1_0.password,pq1_0.result_id,pq1_0.status,pq1_0.updated_at,pq1_0.username from processing_queue pq1_0 where pq1_0.status=? order by pq1_0.created_at
Hibernate: select pq1_0.job_id,pq1_0.action_name,pq1_0.confidence_score,pq1_0.content_type,pq1_0.context_data,pq1_0.created_at,pq1_0.error_message,pq1_0.extracted_data,pq1_0.file_path,pq1_0.needs_approval,pq1_0.password,pq1_0.result_id,pq1_0.status,pq1_0.updated_at,pq1_0.username from processing_queue pq1_0 where pq1_0.status=? order by pq1_0.created_at
Hibernate: select pq1_0.job_id,pq1_0.action_name,pq1_0.confidence_score,pq1_0.content_type,pq1_0.context_data,pq1_0.created_at,pq1_0.error_message,pq1_0.extracted_data,pq1_0.file_path,pq1_0.needs_approval,pq1_0.password,pq1_0.result_id,pq1_0.status,pq1_0.updated_at,pq1_0.username from processing_queue pq1_0 where pq1_0.status=? order by pq1_0.created_at
Hibernate: select pq1_0.job_id,pq1_0.action_name,pq1_0.confidence_score,pq1_0.content_type,pq1_0.context_data,pq1_0.created_at,pq1_0.error_message,pq1_0.extracted_data,pq1_0.file_path,pq1_0.needs_approval,pq1_0.password,pq1_0.result_id,pq1_0.status,pq1_0.updated_at,pq1_0.username from processing_queue pq1_0 where pq1_0.status=? order by pq1_0.created_at
Hibernate: select pq1_0.job_id,pq1_0.action_name,pq1_0.confidence_score,pq1_0.content_type,pq1_0.context_data,pq1_0.created_at,pq1_0.error_message,pq1_0.extracted_data,pq1_0.file_path,pq1_0.needs_approval,pq1_0.password,pq1_0.result_id,pq1_0.status,pq1_0.updated_at,pq1_0.username from processing_queue pq1_0 where pq1_0.status=? order by pq1_0.created_at
Hibernate: select pq1_0.job_id,pq1_0.action_name,pq1_0.confidence_score,pq1_0.content_type,pq1_0.context_data,pq1_0.created_at,pq1_0.error_message,pq1_0.extracted_data,pq1_0.file_path,pq1_0.needs_approval,pq1_0.password,pq1_0.result_id,pq1_0.status,pq1_0.updated_at,pq1_0.username from processing_queue pq1_0 where pq1_0.status=? order by pq1_0.created_at
Hibernate: select pq1_0.job_id,pq1_0.action_name,pq1_0.confidence_score,pq1_0.content_type,pq1_0.context_data,pq1_0.created_at,pq1_0.error_message,pq1_0.extracted_data,pq1_0.file_path,pq1_0.needs_approval,pq1_0.password,pq1_0.result_id,pq1_0.status,pq1_0.updated_at,pq1_0.username from processing_queue pq1_0 where pq1_0.status=? order by pq1_0.created_at
Hibernate: select pq1_0.job_id,pq1_0.action_name,pq1_0.confidence_score,pq1_0.content_type,pq1_0.context_data,pq1_0.created_at,pq1_0.error_message,pq1_0.extracted_data,pq1_0.file_path,pq1_0.needs_approval,pq1_0.password,pq1_0.result_id,pq1_0.status,pq1_0.updated_at,pq1_0.username from processing_queue pq1_0 where pq1_0.status=? order by pq1_0.created_at
Hibernate: select pq1_0.job_id,pq1_0.action_name,pq1_0.confidence_score,pq1_0.content_type,pq1_0.context_data,pq1_0.created_at,pq1_0.error_message,pq1_0.extracted_data,pq1_0.file_path,pq1_0.needs_approval,pq1_0.password,pq1_0.result_id,pq1_0.status,pq1_0.updated_at,pq1_0.username from processing_queue pq1_0 where pq1_0.status=? order by pq1_0.created_at
Hibernate: select pq1_0.job_id,pq1_0.action_name,pq1_0.confidence_score,pq1_0.content_type,pq1_0.context_data,pq1_0.created_at,pq1_0.error_message,pq1_0.extracted_data,pq1_0.file_path,pq1_0.needs_approval,pq1_0.password,pq1_0.result_id,pq1_0.status,pq1_0.updated_at,pq1_0.username from processing_queue pq1_0 where pq1_0.status=? order by pq1_0.created_at
Hibernate: select pq1_0.job_id,pq1_0.action_name,pq1_0.confidence_score,pq1_0.content_type,pq1_0.context_data,pq1_0.created_at,pq1_0.error_message,pq1_0.extracted_data,pq1_0.file_path,pq1_0.needs_approval,pq1_0.password,pq1_0.result_id,pq1_0.status,pq1_0.updated_at,pq1_0.username from processing_queue pq1_0 where pq1_0.status=? order by pq1_0.created_at
Hibernate: select pq1_0.job_id,pq1_0.action_name,pq1_0.confidence_score,pq1_0.content_type,pq1_0.context_data,pq1_0.created_at,pq1_0.error_message,pq1_0.extracted_data,pq1_0.file_path,pq1_0.needs_approval,pq1_0.password,pq1_0.result_id,pq1_0.status,pq1_0.updated_at,pq1_0.username from processing_queue pq1_0 where pq1_0.status=? order by pq1_0.created_at
Hibernate: select pq1_0.job_id,pq1_0.action_name,pq1_0.confidence_score,pq1_0.content_type,pq1_0.context_data,pq1_0.created_at,pq1_0.error_message,pq1_0.extracted_data,pq1_0.file_path,pq1_0.needs_approval,pq1_0.password,pq1_0.result_id,pq1_0.status,pq1_0.updated_at,pq1_0.username from processing_queue pq1_0 where pq1_0.status=? order by pq1_0.created_at
Hibernate: select pq1_0.job_id,pq1_0.action_name,pq1_0.confidence_score,pq1_0.content_type,pq1_0.context_data,pq1_0.created_at,pq1_0.error_message,pq1_0.extracted_data,pq1_0.file_path,pq1_0.needs_approval,pq1_0.password,pq1_0.result_id,pq1_0.status,pq1_0.updated_at,pq1_0.username from processing_queue pq1_0 where pq1_0.status=? order by pq1_0.created_at
Hibernate: select pq1_0.job_id,pq1_0.action_name,pq1_0.confidence_score,pq1_0.content_type,pq1_0.context_data,pq1_0.created_at,pq1_0.error_message,pq1_0.extracted_data,pq1_0.file_path,pq1_0.needs_approval,pq1_0.password,pq1_0.result_id,pq1_0.status,pq1_0.updated_at,pq1_0.username from processing_queue pq1_0 where pq1_0.status=? order by pq1_0.created_at
Hibernate: select pq1_0.job_id,pq1_0.action_name,pq1_0.confidence_score,pq1_0.content_type,pq1_0.context_data,pq1_0.created_at,pq1_0.error_message,pq1_0.extracted_data,pq1_0.file_path,pq1_0.needs_approval,pq1_0.password,pq1_0.result_id,pq1_0.status,pq1_0.updated_at,pq1_0.username from processing_queue pq1_0 where pq1_0.status=? order by pq1_0.created_at
Hibernate: select pq1_0.job_id,pq1_0.action_name,pq1_0.confidence_score,pq1_0.content_type,pq1_0.context_data,pq1_0.created_at,pq1_0.error_message,pq1_0.extracted_data,pq1_0.file_path,pq1_0.needs_approval,pq1_0.password,pq1_0.result_id,pq1_0.status,pq1_0.updated_at,pq1_0.username from processing_queue pq1_0 where pq1_0.status=? order by pq1_0.created_at
Hibernate: select pq1_0.job_id,pq1_0.action_name,pq1_0.confidence_score,pq1_0.content_type,pq1_0.context_data,pq1_0.created_at,pq1_0.error_message,pq1_0.extracted_data,pq1_0.file_path,pq1_0.needs_approval,pq1_0.password,pq1_0.result_id,pq1_0.status,pq1_0.updated_at,pq1_0.username from processing_queue pq1_0 where pq1_0.status=? order by pq1_0.created_at
Hibernate: select pq1_0.job_id,pq1_0.action_name,pq1_0.confidence_score,pq1_0.content_type,pq1_0.context_data,pq1_0.created_at,pq1_0.error_message,pq1_0.extracted_data,pq1_0.file_path,pq1_0.needs_approval,pq1_0.password,pq1_0.result_id,pq1_0.status,pq1_0.updated_at,pq1_0.username from processing_queue pq1_0 where pq1_0.status=? order by pq1_0.created_at
Hibernate: select pq1_0.job_id,pq1_0.action_name,pq1_0.confidence_score,pq1_0.content_type,pq1_0.context_data,pq1_0.created_at,pq1_0.error_message,pq1_0.extracted_data,pq1_0.file_path,pq1_0.needs_approval,pq1_0.password,pq1_0.result_id,pq1_0.status,pq1_0.updated_at,pq1_0.username from processing_queue pq1_0 where pq1_0.status=? order by pq1_0.created_at
Hibernate: select pq1_0.job_id,pq1_0.action_name,pq1_0.confidence_score,pq1_0.content_type,pq1_0.context_data,pq1_0.created_at,pq1_0.error_message,pq1_0.extracted_data,pq1_0.file_path,pq1_0.needs_approval,pq1_0.password,pq1_0.result_id,pq1_0.status,pq1_0.updated_at,pq1_0.username from processing_queue pq1_0 where pq1_0.status=? order by pq1_0.created_at
Hibernate: select pq1_0.job_id,pq1_0.action_name,pq1_0.confidence_score,pq1_0.content_type,pq1_0.context_data,pq1_0.created_at,pq1_0.error_message,pq1_0.extracted_data,pq1_0.file_path,pq1_0.needs_approval,pq1_0.password,pq1_0.result_id,pq1_0.status,pq1_0.updated_at,pq1_0.username from processing_queue pq1_0 where pq1_0.status=? order by pq1_0.created_at
Hibernate: select pq1_0.job_id,pq1_0.action_name,pq1_0.confidence_score,pq1_0.content_type,pq1_0.context_data,pq1_0.created_at,pq1_0.error_message,pq1_0.extracted_data,pq1_0.file_path,pq1_0.needs_approval,pq1_0.password,pq1_0.result_id,pq1_0.status,pq1_0.updated_at,pq1_0.username from processing_queue pq1_0 where pq1_0.status=? order by pq1_0.created_at
Hibernate: select pq1_0.job_id,pq1_0.action_name,pq1_0.confidence_score,pq1_0.content_type,pq1_0.context_data,pq1_0.created_at,pq1_0.error_message,pq1_0.extracted_data,pq1_0.file_path,pq1_0.needs_approval,pq1_0.password,pq1_0.result_id,pq1_0.status,pq1_0.updated_at,pq1_0.username from processing_queue pq1_0 where pq1_0.status=? order by pq1_0.created_at
Hibernate: select pq1_0.job_id,pq1_0.action_name,pq1_0.confidence_score,pq1_0.content_type,pq1_0.context_data,pq1_0.created_at,pq1_0.error_message,pq1_0.extracted_data,pq1_0.file_path,pq1_0.needs_approval,pq1_0.password,pq1_0.result_id,pq1_0.status,pq1_0.updated_at,pq1_0.username from processing_queue pq1_0 where pq1_0.status=? order by pq1_0.created_at
Hibernate: select pq1_0.job_id,pq1_0.action_name,pq1_0.confidence_score,pq1_0.content_type,pq1_0.context_data,pq1_0.created_at,pq1_0.error_message,pq1_0.extracted_data,pq1_0.file_path,pq1_0.needs_approval,pq1_0.password,pq1_0.result_id,pq1_0.status,pq1_0.updated_at,pq1_0.username from processing_queue pq1_0 where pq1_0.status=? order by pq1_0.created_at
Hibernate: select pq1_0.job_id,pq1_0.action_name,pq1_0.confidence_score,pq1_0.content_type,pq1_0.context_data,pq1_0.created_at,pq1_0.error_message,pq1_0.extracted_data,pq1_0.file_path,pq1_0.needs_approval,pq1_0.password,pq1_0.result_id,pq1_0.status,pq1_0.updated_at,pq1_0.username from processing_queue pq1_0 where pq1_0.status=? order by pq1_0.created_at
